datum,pozitivne osobe,pozitivne osobe kumulativno,učinjeni testovi,učinjeni testovi kumulativno,hospitalizirani u zadnja 24 sata,ukupno hospitaliziranih,na respiratoru u zadnja 24 sata,ukupno na respiratoru,preminuli u bolnici,preminuli u bolnici kumulativno,izvor
15/04/2020,38,1779.0,1422,25981.0,8.0,341.0,0.0,31.0,3.0,31.0,hzjz
16/04/2020,34,1813.0,1475,27456.0,22.0,372.0,1.0,31.0,2.0,33.0,hzjz
17/04/2020,12,1825.0,1304,28760.0,28.0,372.0,1.0,30.0,1.0,35.0,hzjz
18/04/2020,34,1859.0,1563,30323.0,4.0,361.0,0.0,27.0,2.0,37.0,hzjz
19/04/2020,23,1882.0,1014,31337.0,10.0,331.0,3.0,24.0,8.0,45.0,hzjz
20/04/2020,18,1900.0,1249,32586.0,9.0,324.0,0.0,18.0,1.0,46.0,hzjz
21/04/2020,28,1928.0,1646,34232.0,10.0,317.0,4.0,18.0,1.0,47.0,hzjz
22/04/2020,53,1981.0,1624,35856.0,22.0,314.0,3.0,19.0,0.0,47.0,hzjz
23/04/2020,19,2000.0,1625,37481.0,23.0,321.0,3.0,19.0,2.0,49.0,hzjz
24/04/2020,15,2015.0,1492,38973.0,24.0,325.0,4.0,21.0,1.0,50.0,hzjz
25/04/2020,14,2029.0,660,39633.0,7.0,316.0,2.0,21.0,3.0,53.0,hzjz
26/04/2020,11,2040.0,681,40314.0,7.0,314.0,2.0,23.0,0.0,53.0,hzjz
27/04/2020,3,2043.0,1533,41847.0,2.0,303.0,0.0,21.0,5.0,58.0,hzjz
28/04/2020,12,2055.0,1497,43344.0,6.0,287.0,3.0,21.0,4.0,62.0,hzjz
29/04/2020,19,2074.0,1636,44980.0,3.0,269.0,1.0,19.0,4.0,66.0,hzjz
30/04/2020,11,2085.0,1538,46518.0,4.0,261.0,2.0,20.0,2.0,68.0,hzjz
01/05/2020,3,2088.0,640,47158.0,6.0,245.0,0.0,17.0,6.0,74.0,hzjz
02/05/2020,7,2095.0,1181,48339.0,3.0,239.0,2.0,17.0,2.0,76.0,hzjz
03/05/2020,8,2103.0,897,49236.0,0.0,231.0,0.0,15.0,2.0,78.0,hzjz
04/05/2020,9,2112.0,1405,50641.0,2.0,228.0,1.0,15.0,1.0,79.0,hzjz
05/05/2020,7,2119.0,1844,52485.0,5.0,217.0,1.0,14.0,3.0,82.0,hzjz
06/05/2020,8,2127.0,1565,54050.0,4.0,206.0,1.0,14.0,2.0,84.0,hzjz
07/05/2020,22,2149.0,1556,55606.0,3.0,195.0,0.0,13.0,1.0,85.0,hzjz
08/05/2020,24,2173.0,1565,57171.0,11.0,184.0,1.0,13.0,0.0,85.0,hzjz
09/05/2020,10,2183.0,1395,58566.0,13.0,181.0,1.0,13.0,1.0,86.0,hzjz
10/05/2020,14,2197.0,1030,59596.0,2.0,169.0,0.0,13.0,3.0,89.0,hzjz
11/05/2020,8,2205.0,1760,61356.0,2.0,160.0,0.0,12.0,1.0,90.0,hzjz
12/05/2020,8,2213.0,1875,63231.0,5.0,159.0,0.0,11.0,0.0,90.0,hzjz
13/05/2020,5,2218.0,1876,65107.0,2.0,150.0,2.0,9.0,3.0,93.0,hzjz
14/05/2020,5,2223.0,1390,66497.0,3.0,146.0,0.0,7.0,0.0,93.0,hzjz
15/05/2020,1,2224.0,1807,68304.0,2.0,142.0,1.0,8.0,1.0,94.0,hzjz
16/05/2020,3,2227.0,1363,69667.0,0.0,137.0,1.0,9.0,0.0,94.0,hzjz
17/05/2020,1,2228.0,964,70631.0,1.0,130.0,2.0,10.0,0.0,94.0,hzjz
18/05/2020,1,2229.0,1984,72615.0,1.0,122.0,0.0,10.0,0.0,94.0,hzjz
19/05/2020,6,2235.0,1586,74201.0,6.0,120.0,2.0,10.0,1.0,95.0,hzjz
20/05/2020,3,2238.0,1577,75778.0,2.0,117.0,0.0,9.0,0.0,95.0,hzjz
21/05/2020,6,2244.0,1393,77171.0,2.0,117.0,0.0,9.0,0.0,95.0,hzjz
22/05/2020,0,2244.0,1198,78369.0,4.0,102.0,0.0,5.0,2.0,97.0,hzjz
23/05/2020,0,2244.0,1094,79463.0,0.0,84.0,1.0,6.0,0.0,97.0,hzjz
24/05/2020,1,2245.0,891,80354.0,0.0,81.0,0.0,6.0,0.0,97.0,hzjz
25/05/2020,0,2245.0,1316,81670.0,0.0,78.0,0.0,6.0,0.0,97.0,hzjz
26/05/2020,0,2245.0,1282,82952.0,0.0,42.0,0.0,5.0,2.0,99.0,hzjz
27/05/2020,1,2246.0,777,83729.0,0.0,38.0,1.0,6.0,0.0,99.0,hzjz
28/05/2020,0,2246.0,615,84344.0,0.0,34.0,0.0,6.0,0.0,99.0,hzjz
29/05/2020,1,2247.0,703,85047.0,0.0,28.0,0.0,4.0,2.0,101.0,hzjz
30/05/2020,0,2247.0,356,85403.0,1.0,27.0,0.0,4.0,0.0,101.0,hzjz
31/05/2020,0,2247.0,317,85720.0,0.0,23.0,0.0,4.0,0.0,101.0,hzjz
01/06/2020,0,2247.0,625,86345.0,0.0,22.0,0.0,4.0,0.0,101.0,hzjz
02/06/2020,0,2247.0,626,86971.0,0.0,17.0,0.0,4.0,0.0,101.0,hzjz
03/06/2020,0,2247.0,462,87433.0,0.0,17.0,0.0,4.0,0.0,101.0,hzjz
04/06/2020,1,2248.0,394,87827.0,0.0,15.0,0.0,3.0,0.0,101.0,hzjz
05/06/2020,0,2248.0,407,88234.0,0.0,12.0,0.0,3.0,0.0,101.0,hzjz
06/06/2020,0,2248.0,181,88415.0,0.0,10.0,0.0,1.0,1.0,102.0,hzjz
07/06/2020,0,2248.0,102,88517.0,0.0,10.0,0.0,2.0,0.0,102.0,hzjz
08/06/2020,0,2248.0,450,88967.0,0.0,10.0,0.0,2.0,0.0,102.0,hzjz
09/06/2020,1,2249.0,383,89350.0,0.0,6.0,0.0,0.0,2.0,104.0,hzjz
10/06/2020,1,2250.0,371,89721.0,1.0,7.0,0.0,0.0,0.0,104.0,hzjz
11/06/2020,0,2250.0,146,89867.0,1.0,7.0,0.0,0.0,0.0,104.0,hzjz
12/06/2020,2,2252.0,449,90316.0,0.0,6.0,0.0,0.0,1.0,105.0,hzjz
13/06/2020,1,2253.0,210,90526.0,0.0,6.0,0.0,0.0,0.0,105.0,hzjz
14/06/2020,0,2253.0,121,90647.0,1.0,7.0,0.0,0.0,0.0,105.0,hzjz
15/06/2020,3,2256.0,447,91094.0,0.0,7.0,0.0,0.0,0.0,105.0,hzjz
16/06/2020,3,2259.0,325,91419.0,0.0,4.0,0.0,0.0,0.0,105.0,hzjz
17/06/2020,7,2266.0,401,91820.0,1.0,5.0,0.0,0.0,0.0,105.0,hzjz
18/06/2020,10,2276.0,447,92267.0,4.0,9.0,0.0,0.0,0.0,105.0,hzjz
19/06/2020,17,2293.0,590,92857.0,0.0,8.0,0.0,0.0,0.0,105.0,hzjz
20/06/2020,20,2313.0,362,93219.0,0.0,8.0,0.0,0.0,0.0,105.0,hzjz
21/06/2020,16,2329.0,338,93557.0,1.0,9.0,0.0,0.0,0.0,105.0,hzjz
22/06/2020,32,2361.0,428,93985.0,1.0,9.0,0.0,0.0,0.0,105.0,hzjz
23/06/2020,24,2385.0,929,94914.0,8.0,16.0,0.0,0.0,0.0,105.0,hzjz
24/06/2020,71,2456.0,1084,95998.0,4.0,18.0,0.0,0.0,0.0,105.0,hzjz
25/06/2020,53,2509.0,1017,97015.0,10.0,42.0,0.0,0.0,0.0,105.0,hzjz
26/06/2020,76,2585.0,1535,98550.0,16.0,51.0,0.0,0.0,0.0,105.0,hzjz
27/06/2020,94,2679.0,822,99372.0,6.0,54.0,0.0,0.0,0.0,105.0,hzjz
28/06/2020,50,2729.0,612,99984.0,12.0,60.0,0.0,0.0,0.0,105.0,hzjz
29/06/2020,32,2761.0,1430,101414.0,5.0,65.0,1.0,1.0,0.0,106.0,hzjz
30/06/2020,56,2817.0,1521,102935.0,12.0,75.0,1.0,2.0,0.0,106.0,hzjz
01/07/2020,77,2894.0,1450,104385.0,9.0,80.0,0.0,2.0,1.0,107.0,hzjz
02/07/2020,95,2989.0,1524,105909.0,11.0,84.0,1.0,3.0,2.0,109.0,hzjz
03/07/2020,92,3081.0,1756,107665.0,9.0,88.0,1.0,4.0,2.0,111.0,hzjz
04/07/2020,68,3149.0,1273,108938.0,8.0,85.0,0.0,3.0,1.0,112.0,hzjz
05/07/2020,63,3212.0,662,109600.0,13.0,93.0,1.0,4.0,0.0,112.0,hzjz
06/07/2020,49,3261.0,2017,111617.0,9.0,90.0,1.0,5.0,0.0,112.0,hzjz
07/07/2020,60,3321.0,1771,113388.0,5.0,89.0,0.0,5.0,0.0,112.0,hzjz
08/07/2020,67,3388.0,2227,115615.0,8.0,91.0,0.0,4.0,1.0,113.0,hzjz
09/07/2020,119,3507.0,1787,117402.0,20.0,100.0,0.0,3.0,1.0,114.0,hzjz
10/07/2020,163,3670.0,1774,119176.0,13.0,104.0,1.0,4.0,2.0,116.0,hzjz
11/07/2020,73,3743.0,1486,120662.0,26.0,124.0,1.0,3.0,1.0,117.0,hzjz
12/07/2020,73,3816.0,865,121527.0,14.0,132.0,0.0,3.0,1.0,118.0,hzjz
13/07/2020,57,3873.0,2251,123778.0,17.0,132.0,1.0,4.0,0.0,118.0,hzjz
14/07/2020,82,3955.0,2587,126365.0,8.0,129.0,1.0,5.0,1.0,119.0,hzjz
15/07/2020,70,4025.0,2215,128580.0,8.0,132.0,2.0,5.0,0.0,119.0,hzjz
16/07/2020,79,4104.0,1943,130523.0,16.0,136.0,1.0,6.0,0.0,119.0,hzjz
17/07/2020,139,4243.0,2045,132568.0,15.0,137.0,1.0,7.0,0.0,119.0,hzjz
18/07/2020,101,4344.0,1543,134111.0,16.0,139.0,3.0,8.0,0.0,119.0,hzjz
19/07/2020,25,4369.0,920,135031.0,20.0,153.0,1.0,9.0,0.0,119.0,hzjz
20/07/2020,38,4407.0,2406,137437.0,7.0,147.0,0.0,9.0,2.0,121.0,hzjz
21/07/2020,99,4506.0,2235,139672.0,11.0,138.0,2.0,9.0,1.0,122.0,hzjz
22/07/2020,79,4585.0,2247,141919.0,19.0,143.0,1.0,9.0,2.0,124.0,hzjz
23/07/2020,92,4677.0,1830,143749.0,11.0,132.0,0.0,7.0,3.0,127.0,hzjz
24/07/2020,96,4773.0,2404,146153.0,12.0,139.0,3.0,9.0,0.0,127.0,hzjz
25/07/2020,77,4850.0,1561,147714.0,8.0,134.0,2.0,9.0,5.0,132.0,hzjz
26/07/2020,26,4876.0,774,148488.0,14.0,142.0,1.0,9.0,2.0,134.0,hzjz
27/07/2020,37,4913.0,2353,150841.0,4.0,138.0,0.0,9.0,4.0,138.0,hzjz
28/07/2020,69,4982.0,1988,152829.0,10.0,133.0,1.0,9.0,1.0,139.0,hzjz
29/07/2020,85,5067.0,2171,155000.0,11.0,132.0,0.0,8.0,1.0,140.0,hzjz
30/07/2020,58,5125.0,1886,156886.0,10.0,130.0,0.0,6.0,3.0,143.0,hzjz
31/07/2020,64,5189.0,2178,159064.0,9.0,125.0,0.0,6.0,1.0,144.0,hzjz
01/08/2020,75,5264.0,1885,160949.0,18.0,127.0,3.0,9.0,0.0,144.0,hzjz
02/08/2020,33,5297.0,758,161707.0,14.0,131.0,1.0,6.0,4.0,148.0,hzjz
03/08/2020,19,5316.0,1975,163682.0,5.0,130.0,0.0,6.0,4.0,152.0,hzjz
04/08/2020,63,5379.0,1852,165534.0,7.0,117.0,1.0,7.0,1.0,153.0,hzjz
05/08/2020,25,5404.0,767,166301.0,6.0,111.0,0.0,7.0,0.0,153.0,hzjz
06/08/2020,54,5458.0,1736,168037.0,9.0,110.0,1.0,7.0,1.0,154.0,hzjz
07/08/2020,70,5528.0,1998,170035.0,20.0,122.0,0.0,7.0,0.0,154.0,hzjz
08/08/2020,79,5607.0,1398,171433.0,11.0,120.0,1.0,8.0,2.0,156.0,hzjz
09/08/2020,27,5634.0,693,172126.0,6.0,121.0,0.0,8.0,0.0,156.0,hzjz
10/08/2020,84,5718.0,2336,174462.0,8.0,124.0,0.0,8.0,1.0,157.0,hzjz
11/08/2020,128,5846.0,1920,176382.0,5.0,115.0,0.0,5.0,2.0,159.0,hzjz
12/08/2020,132,5978.0,2057,178439.0,7.0,117.0,3.0,8.0,0.0,159.0,hzjz
13/08/2020,229,6207.0,1847,180286.0,8.0,115.0,2.0,10.0,1.0,160.0,hzjz
14/08/2020,179,6386.0,2873,183159.0,7.0,106.0,1.0,10.0,2.0,162.0,hzjz
15/08/2020,156,6542.0,1703,184862.0,22.0,118.0,2.0,11.0,2.0,164.0,hzjz
16/08/2020,105,6647.0,1033,185895.0,13.0,126.0,1.0,11.0,1.0,165.0,hzjz
17/08/2020,147,6794.0,3495,189390.0,4.0,126.0,0.0,11.0,0.0,165.0,hzjz
18/08/2020,245,7039.0,3353,192743.0,12.0,120.0,2.0,11.0,0.0,165.0,hzjz
19/08/2020,255,7294.0,3257,196000.0,19.0,122.0,1.0,11.0,2.0,167.0,hzjz
20/08/2020,279,7573.0,3137,199137.0,11.0,127.0,2.0,13.0,0.0,167.0,hzjz
21/08/2020,282,7855.0,3637,202774.0,11.0,135.0,0.0,12.0,1.0,168.0,hzjz
22/08/2020,262,8117.0,2694,205468.0,17.0,143.0,3.0,12.0,1.0,169.0,hzjz
23/08/2020,181,8298.0,1499,206967.0,24.0,155.0,1.0,12.0,1.0,170.0,hzjz
24/08/2020,201,8499.0,3725,210692.0,16.0,163.0,0.0,12.0,2.0,172.0,hzjz
25/08/2020,359,8858.0,3966,214658.0,25.0,167.0,1.0,9.0,2.0,174.0,hzjz
26/08/2020,306,9164.0,4836,219494.0,26.0,174.0,2.0,10.0,0.0,174.0,hzjz
27/08/2020,336,9500.0,5090,224584.0,37.0,194.0,3.0,13.0,2.0,176.0,hzjz
28/08/2020,329,9829.0,4910,229494.0,33.0,212.0,1.0,11.0,3.0,179.0,hzjz
29/08/2020,325,10154.0,3605,233099.0,24.0,211.0,1.0,12.0,3.0,182.0,hzjz
30/08/2020,95,10249.0,1562,234661.0,28.0,229.0,1.0,13.0,1.0,183.0,hzjz
31/08/2020,191,10440.0,4469,239130.0,28.0,251.0,4.0,14.0,2.0,185.0,hzjz
01/09/2020,274,10714.0,5053,244183.0,31.0,258.0,1.0,14.0,1.0,186.0,hzjz
02/09/2020,355,11069.0,4750,248933.0,33.0,258.0,4.0,15.0,4.0,190.0,hzjz
03/09/2020,360,11429.0,4393,253326.0,33.0,269.0,1.0,15.0,3.0,193.0,hzjz
04/09/2020,316,11745.0,4641,257967.0,41.0,283.0,1.0,15.0,1.0,194.0,hzjz
05/09/2020,221,11966.0,3980,261947.0,41.0,285.0,5.0,19.0,2.0,196.0,hzjz
06/09/2020,111,12077.0,1887,263834.0,27.0,296.0,4.0,21.0,1.0,197.0,hzjz
07/09/2020,190,12267.0,5104,268938.0,24.0,307.0,2.0,19.0,3.0,200.0,hzjz
08/09/2020,318,12585.0,4765,273703.0,35.0,303.0,4.0,23.0,2.0,202.0,hzjz
09/09/2020,280,12865.0,4503,278206.0,33.0,299.0,2.0,24.0,3.0,205.0,hzjz
10/09/2020,222,13087.0,3994,282200.0,42.0,320.0,5.0,27.0,2.0,207.0,hzjz
11/09/2020,244,13331.0,4859,287059.0,31.0,327.0,1.0,26.0,3.0,210.0,hzjz
12/09/2020,191,13522.0,4230,291289.0,36.0,313.0,2.0,24.0,7.0,217.0,hzjz
13/09/2020,80,13602.0,1967,293256.0,18.0,309.0,1.0,22.0,6.0,223.0,hzjz
14/09/2020,142,13744.0,5274,298530.0,17.0,310.0,1.0,22.0,3.0,226.0,hzjz
15/09/2020,274,14018.0,5966,304496.0,20.0,299.0,2.0,22.0,3.0,229.0,hzjz
16/09/2020,230,14248.0,4970,309466.0,30.0,293.0,2.0,20.0,6.0,235.0,hzjz
17/09/2020,242,14490.0,4736,314202.0,34.0,300.0,6.0,24.0,2.0,237.0,hzjz
18/09/2020,226,14716.0,5067,319269.0,17.0,280.0,3.0,21.0,6.0,243.0,hzjz
19/09/2020,196,14912.0,3879,323148.0,35.0,288.0,2.0,24.0,0.0,243.0,hzjz
20/09/2020,78,14990.0,2082,325230.0,18.0,281.0,0.0,21.0,4.0,247.0,hzjz
21/09/2020,145,15135.0,5564,330794.0,30.0,297.0,5.0,24.0,5.0,252.0,hzjz
22/09/2020,192,15327.0,5029,335823.0,28.0,278.0,2.0,24.0,2.0,254.0,hzjz
23/09/2020,217,15544.0,4873,340696.0,34.0,278.0,4.0,27.0,2.0,256.0,hzjz
24/09/2020,233,15777.0,4081,344777.0,23.0,266.0,1.0,24.0,4.0,260.0,hzjz
25/09/2020,216,15993.0,4465,349242.0,31.0,273.0,2.0,22.0,5.0,265.0,hzjz
26/09/2020,176,16169.0,3864,353106.0,37.0,271.0,4.0,25.0,3.0,268.0,hzjz
27/09/2020,69,16238.0,1773,354879.0,22.0,280.0,2.0,23.0,3.0,271.0,hzjz
28/09/2020,125,16363.0,5471,360350.0,16.0,291.0,1.0,24.0,0.0,271.0,hzjz
29/09/2020,195,16558.0,4777,365127.0,34.0,274.0,3.0,26.0,3.0,274.0,hzjz
30/09/2020,234,16792.0,4871,369998.0,37.0,288.0,1.0,23.0,5.0,279.0,hzjz
01/10/2020,325,17117.0,4008,374006.0,31.0,297.0,3.0,26.0,4.0,283.0,hzjz
02/10/2020,261,17378.0,4884,378890.0,40.0,286.0,2.0,23.0,7.0,290.0,hzjz
03/10/2020,244,17622.0,3618,382508.0,41.0,289.0,2.0,23.0,2.0,292.0,hzjz
04/10/2020,161,17783.0,1827,384335.0,33.0,296.0,5.0,25.0,5.0,297.0,hzjz
05/10/2020,264,18047.0,5872,390207.0,45.0,326.0,3.0,24.0,2.0,299.0,hzjz
06/10/2020,368,18415.0,5334,395541.0,52.0,334.0,1.0,24.0,4.0,303.0,hzjz
07/10/2020,451,18866.0,5511,401052.0,52.0,344.0,4.0,26.0,5.0,308.0,hzjz
08/10/2020,502,19368.0,4112,405164.0,49.0,361.0,2.0,27.0,1.0,309.0,hzjz
09/10/2020,390,19758.0,5441,410605.0,58.0,385.0,2.0,28.0,3.0,312.0,hzjz
10/10/2020,583,20341.0,4490,415095.0,52.0,382.0,3.0,29.0,4.0,316.0,hzjz
11/10/2020,270,20611.0,1633,416728.0,31.0,384.0,2.0,26.0,7.0,323.0,hzjz
12/10/2020,292,20903.0,6371,423099.0,42.0,404.0,3.0,27.0,3.0,326.0,hzjz
13/10/2020,706,21609.0,6037,429136.0,54.0,424.0,1.0,27.0,3.0,329.0,hzjz
14/10/2020,789,22398.0,6516,435652.0,64.0,441.0,2.0,27.0,4.0,333.0,hzjz
15/10/2020,939,23337.0,5594,441246.0,72.0,439.0,5.0,26.0,10.0,343.0,hzjz
16/10/2020,1239,24576.0,7024,448270.0,117.0,505.0,3.0,24.0,1.0,344.0,hzjz
17/10/2020,796,25372.0,5576,453846.0,111.0,530.0,7.0,28.0,8.0,354.0,hzjz
18/10/2020,426,25798.0,2215,456061.0,63.0,548.0,5.0,32.0,8.0,362.0,hzjz
19/10/2020,868,26666.0,7660,463721.0,71.0,571.0,5.0,35.0,11.0,373.0,hzjz
20/10/2020,1589,28255.0,7807,471528.0,90.0,574.0,0.0,32.0,8.0,381.0,hzjz
21/10/2020,1626,29881.0,8213,479741.0,117.0,622.0,8.0,38.0,11.0,392.0,hzjz
22/10/2020,2053,31934.0,7175,486916.0,117.0,661.0,12.0,46.0,14.0,406.0,hzjz
23/10/2020,2294,34228.0,8991,495907.0,125.0,716.0,8.0,49.0,7.0,412.0,hzjz
24/10/2020,2246,36474.0,7121,503028.0,148.0,731.0,9.0,52.0,16.0,428.0,hzjz
25/10/2020,740,37214.0,2660,505688.0,153.0,825.0,8.0,58.0,8.0,436.0,hzjz
26/10/2020,1469,38683.0,9431,515119.0,102.0,864.0,11.0,65.0,15.0,451.0,hzjz
27/10/2020,2526,41209.0,9463,524582.0,153.0,897.0,3.0,57.0,18.0,469.0,hzjz
28/10/2020,2632,43841.0,8954,533536.0,155.0,932.0,14.0,68.0,23.0,492.0,hzjz
29/10/2020,2817,46658.0,9245,542781.0,175.0,985.0,10.0,71.0,18.0,510.0,hzjz
30/10/2020,2789,49447.0,9750,552531.0,170.0,1027.0,10.0,74.0,20.0,530.0,hzjz
31/10/2020,2226,51673.0,7654,560185.0,180.0,1049.0,14.0,82.0,15.0,545.0,hzjz
01/11/2020,1039,52712.0,2918,563103.0,149.0,1097.0,9.0,81.0,16.0,561.0,hzjz
02/11/2020,1411,54123.0,8917,572020.0,131.0,1127.0,16.0,94.0,32.0,593.0,hzjz
03/11/2020,2399,56522.0,9852,581872.0,173.0,1192.0,25.0,112.0,34.0,627.0,hzjz
04/11/2020,2923,59445.0,8901,590773.0,190.0,1221.0,16.0,118.0,26.0,653.0,hzjz
05/11/2020,2802,62247.0,8891,599664.0,201.0,1278.0,15.0,122.0,29.0,682.0,hzjz
06/11/2020,2436,64683.0,9701,609365.0,174.0,1307.0,23.0,135.0,34.0,716.0,hzjz
07/11/2020,2868,67551.0,8773,618138.0,248.0,1330.0,15.0,128.0,35.0,751.0,hzjz
08/11/2020,1437,68988.0,2997,621135.0,183.0,1396.0,22.0,145.0,43.0,794.0,hzjz
09/11/2020,1241,70229.0,8991,630126.0,161.0,1451.0,16.0,142.0,38.0,832.0,hzjz
10/11/2020,2676,72905.0,10129,640255.0,234.0,1513.0,20.0,167.0,33.0,865.0,hzjz
11/11/2020,3094,75999.0,10135,650390.0,213.0,1545.0,18.0,178.0,28.0,893.0,hzjz
12/11/2020,2952,78951.0,8315,658705.0,211.0,1598.0,13.0,178.0,32.0,925.0,hzjz
13/11/2020,2851,81802.0,9943,668648.0,233.0,1620.0,18.0,179.0,43.0,968.0,hzjz
14/11/2020,2517,84319.0,7372,676020.0,249.0,1655.0,20.0,184.0,38.0,1006.0,hzjz
15/11/2020,1251,85570.0,3018,679038.0,214.0,1710.0,26.0,194.0,43.0,1048.0,hzjz
16/11/2020,1949,87519.0,9112,688150.0,166.0,1816.0,13.0,191.0,33.0,1081.0,hzjz
17/11/2020,2988,90507.0,10918,699068.0,257.0,1827.0,31.0,196.0,31.0,1112.0,hzjz
18/11/2020,3474,93981.0,5356,704424.0,266.0,1878.0,22.0,205.0,38.0,1150.0,hzjz
19/11/2020,2729,96710.0,9560,713984.0,202.0,1944.0,21.0,204.0,49.0,1200.0,hzjz
20/11/2020,3658,100368.0,11389,725373.0,279.0,1992.0,29.0,217.0,57.0,1256.0,hzjz
21/11/2020,3695,104063.0,8501,733874.0,239.0,1981.0,14.0,213.0,47.0,1303.0,hzjz
22/11/2020,1678,105741.0,3391,737265.0,198.0,2031.0,17.0,223.0,49.0,1352.0,hzjz
23/11/2020,2320,108061.0,10835,748100.0,169.0,2060.0,31.0,235.0,45.0,1397.0,hzjz
24/11/2020,3541,111602.0,10810,758910.0,265.0,2093.0,31.0,244.0,47.0,1444.0,hzjz
25/11/2020,3996,115598.0,11958,770868.0,288.0,2136.0,21.0,240.0,56.0,1500.0,hzjz
26/11/2020,4075,119673.0,10471,781339.0,275.0,2171.0,33.0,252.0,51.0,1551.0,hzjz
27/11/2020,4054,123727.0,11391,792730.0,301.0,2240.0,41.0,266.0,48.0,1599.0,hzjz
28/11/2020,3174,126901.0,7170,799900.0,280.0,2221.0,33.0,262.0,55.0,1654.0,hzjz
29/11/2020,1769,128670.0,3255,803155.0,225.0,2273.0,17.0,260.0,57.0,1711.0,hzjz
30/11/2020,2565,131235.0,11038,814193.0,260.0,2358.0,24.0,255.0,74.0,1785.0,hzjz
01/12/2020,3712,134947.0,11626,825819.0,342.0,2351.0,24.0,245.0,75.0,1860.0,hzjz
02/12/2020,4375,139322.0,11230,837049.0,328.0,2408.0,33.0,252.0,55.0,1915.0,hzjz
03/12/2020,4185,143507.0,10077,847126.0,333.0,2501.0,20.0,258.0,48.0,1963.0,hzjz
04/12/2020,3812,147319.0,11797,858923.0,332.0,2527.0,28.0,262.0,68.0,2031.0,hzjz
05/12/2020,3452,150771.0,7623,866546.0,332.0,2514.0,36.0,259.0,70.0,2101.0,hzjz
06/12/2020,1518,152289.0,3274,869820.0,265.0,2543.0,18.0,264.0,72.0,2173.0,hzjz
07/12/2020,2558,154847.0,11497,881317.0,254.0,2629.0,40.0,277.0,59.0,2232.0,hzjz
08/12/2020,4759,159606.0,13325,894642.0,343.0,2660.0,23.0,278.0,65.0,2297.0,hzjz
09/12/2020,4651,164257.0,12588,907230.0,377.0,2703.0,23.0,280.0,69.0,2366.0,hzjz
10/12/2020,4827,169084.0,11272,918502.0,358.0,2754.0,33.0,296.0,53.0,2419.0,hzjz
11/12/2020,4168,173252.0,12085,930587.0,361.0,2802.0,22.0,304.0,64.0,2484.0,hzjz
12/12/2020,3145,176397.0,7573,938160.0,383.0,2792.0,30.0,295.0,78.0,2561.0,hzjz
13/12/2020,987,177384.0,3142,941302.0,258.0,2864.0,22.0,295.0,78.0,2639.0,hzjz
14/12/2020,2416,179800.0,11556,952858.0,258.0,2857.0,29.0,306.0,65.0,2704.0,hzjz
15/12/2020,3487,183287.0,12034,964892.0,340.0,2897.0,23.0,304.0,73.0,2777.0,hzjz
16/12/2020,3723,187010.0,11417,976309.0,359.0,2907.0,34.0,294.0,92.0,2869.0,hzjz
17/12/2020,3379,190389.0,9965,986274.0,332.0,2943.0,39.0,287.0,85.0,2954.0,hzjz
18/12/2020,2855,193244.0,10640,996914.0,350.0,2918.0,29.0,294.0,68.0,3022.0,hzjz
19/12/2020,1900,195144.0,8662,1005576.0,287.0,2873.0,39.0,306.0,78.0,3100.0,hzjz
20/12/2020,642,195786.0,3205,1008781.0,241.0,2976.0,31.0,290.0,76.0,3177.0,hzjz
21/12/2020,1681,197467.0,10244,1019025.0,206.0,2956.0,33.0,294.0,80.0,3256.0,hzjz
22/12/2020,2682,200149.0,9886,1028911.0,291.0,2895.0,30.0,292.0,71.0,3327.0,hzjz
23/12/2020,2473,202622.0,8303,1037214.0,273.0,2843.0,24.0,291.0,66.0,3393.0,hzjz
24/12/2020,1489,204111.0,5646,1042860.0,281.0,2749.0,29.0,292.0,70.0,3463.0,hzjz
25/12/2020,248,204359.0,1068,1043928.0,259.0,2662.0,19.0,280.0,84.0,3547.0,hzjz
26/12/2020,635,204994.0,4058,1047986.0,176.0,2664.0,9.0,271.0,65.0,3613.0,hzjz
27/12/2020,302,205296.0,2194,1050180.0,199.0,2691.0,20.0,258.0,58.0,3670.0,hzjz
28/12/2020,1328,206624.0,7707,1057887.0,157.0,2720.0,32.0,256.0,68.0,3738.0,hzjz
29/12/2020,1907,208531.0,7542,1065429.0,247.0,2654.0,26.0,254.0,56.0,3794.0,hzjz
30/12/2020,2519,211050.0,7966,1073395.0,345.0,2608.0,20.0,240.0,65.0,3859.0,hzjz
31/12/2020,1041,212091.0,4924,1078319.0,253.0,2524.0,26.0,231.0,60.0,3919.0,hzjz
01/01/2021,187,212278.0,1166,1079485.0,241.0,2478.0,17.0,232.0,41.0,3960.0,hzjz
02/01/2021,753,213031.0,6078,1085563.0,105.0,2437.0,12.0,219.0,55.0,4015.0,hzjz
03/01/2021,316,213347.0,2310,1087873.0,172.0,2453.0,17.0,211.0,56.0,4072.0,hzjz
04/01/2021,1071,214418.0,7195,1095068.0,128.0,2453.0,11.0,196.0,54.0,4125.0,hzjz
05/01/2021,1973,216391.0,9436,1104504.0,217.0,2390.0,25.0,200.0,53.0,4178.0,hzjz
06/01/2021,473,216864.0,2701,1107205.0,182.0,2264.0,26.0,209.0,44.0,4222.0,hzjz
07/01/2021,1177,218041.0,6958,1114163.0,144.0,2284.0,16.0,200.0,43.0,4265.0,hzjz
08/01/2021,1363,219404.0,8888,1123051.0,215.0,2251.0,15.0,194.0,38.0,4303.0,hzjz
09/01/2021,657,220061.0,7314,1130365.0,172.0,2084.0,20.0,191.0,38.0,4341.0,hzjz
10/01/2021,162,220223.0,2165,1132530.0,145.0,2131.0,11.0,193.0,26.0,4368.0,hzjz
11/01/2021,789,221012.0,7637,1140167.0,131.0,2140.0,17.0,191.0,35.0,4402.0,hzjz
12/01/2021,1184,222196.0,7631,1147798.0,186.0,2048.0,20.0,185.0,43.0,4445.0,hzjz
13/01/2021,934,223130.0,6610,1154408.0,161.0,1993.0,18.0,193.0,26.0,4471.0,hzjz
14/01/2021,710,223840.0,5379,1159787.0,147.0,1921.0,12.0,176.0,45.0,4516.0,hzjz
15/01/2021,746,224586.0,5967,1165754.0,137.0,1855.0,18.0,160.0,33.0,4549.0,hzjz
16/01/2021,415,225001.0,5004,1170758.0,124.0,1760.0,12.0,154.0,38.0,4587.0,hzjz
17/01/2021,145,225146.0,1768,1172526.0,86.0,1761.0,9.0,147.0,28.0,4616.0,hzjz
18/01/2021,536,225682.0,6902,1179428.0,90.0,1742.0,14.0,139.0,39.0,4654.0,hzjz
19/01/2021,889,226571.0,6646,1186074.0,157.0,1713.0,16.0,149.0,29.0,4683.0,hzjz
20/01/2021,787,227358.0,5737,1191811.0,120.0,1603.0,11.0,151.0,27.0,4710.0,hzjz
21/01/2021,621,227979.0,4729,1196540.0,122.0,1562.0,9.0,136.0,27.0,4737.0,hzjz
22/01/2021,611,228590.0,5033,1201573.0,105.0,1518.0,18.0,145.0,32.0,4769.0,hzjz
23/01/2021,361,228951.0,4402,1205975.0,129.0,1468.0,12.0,142.0,29.0,4798.0,hzjz
24/01/2021,106,229057.0,1739,1207714.0,97.0,1474.0,7.0,138.0,28.0,4827.0,hzjz
25/01/2021,469,229526.0,6805,1214519.0,77.0,1485.0,15.0,138.0,32.0,4858.0,hzjz
26/01/2021,843,230369.0,6851,1221370.0,123.0,1491.0,18.0,139.0,23.0,4881.0,hzjz
27/01/2021,612,230981.0,5892,1227262.0,110.0,1381.0,8.0,135.0,31.0,4912.0,hzjz
28/01/2021,562,231543.0,4860,1232122.0,98.0,1326.0,11.0,128.0,30.0,4942.0,hzjz
29/01/2021,546,232089.0,5358,1237480.0,99.0,1286.0,11.0,121.0,29.0,4971.0,hzjz
30/01/2021,353,232442.0,5224,1242704.0,116.0,1249.0,8.0,113.0,26.0,4998.0,hzjz
31/01/2021,85,232527.0,1797,1244501.0,92.0,1275.0,9.0,113.0,29.0,5026.0,hzjz
01/02/2021,401,232928.0,6937,1251438.0,65.0,1288.0,6.0,98.0,27.0,5053.0,hzjz
02/02/2021,717,233645.0,6909,1258347.0,121.0,1258.0,7.0,91.0,17.0,5070.0,hzjz
03/02/2021,573,234218.0,5995,1264342.0,99.0,1222.0,18.0,99.0,17.0,5087.0,hzjz
04/02/2021,490,234708.0,5003,1269345.0,98.0,1196.0,11.0,101.0,18.0,5105.0,hzjz
05/02/2021,431,235139.0,5634,1274979.0,100.0,1203.0,13.0,106.0,16.0,5121.0,hzjz
06/02/2021,276,235415.0,5412,1280391.0,106.0,1143.0,9.0,106.0,22.0,5143.0,hzjz
07/02/2021,72,235487.0,2094,1282485.0,57.0,1142.0,9.0,107.0,25.0,5169.0,hzjz
08/02/2021,274,235761.0,7185,1289670.0,42.0,1137.0,10.0,107.0,29.0,5197.0,hzjz
09/02/2021,595,236356.0,6836,1296506.0,76.0,1082.0,11.0,93.0,26.0,5223.0,hzjz
10/02/2021,370,236726.0,6170,1302676.0,62.0,1055.0,9.0,92.0,14.0,5237.0,hzjz
11/02/2021,360,237086.0,4834,1307510.0,86.0,1029.0,10.0,88.0,25.0,5262.0,hzjz
12/02/2021,383,237469.0,5386,1312896.0,82.0,1007.0,13.0,91.0,19.0,5281.0,hzjz
13/02/2021,222,237691.0,5243,1318139.0,69.0,955.0,11.0,89.0,17.0,5298.0,hzjz
14/02/2021,65,237756.0,1893,1320032.0,50.0,943.0,9.0,89.0,19.0,5318.0,hzjz
15/02/2021,254,238010.0,7052,1327084.0,56.0,951.0,4.0,86.0,21.0,5338.0,hzjz
16/02/2021,503,238513.0,7074,1334158.0,90.0,927.0,10.0,84.0,18.0,5356.0,hzjz
17/02/2021,373,238886.0,6125,1340283.0,65.0,884.0,6.0,82.0,18.0,5374.0,hzjz
18/02/2021,378,239264.0,4864,1345147.0,68.0,829.0,9.0,74.0,24.0,5398.0,hzjz
19/02/2021,430,239694.0,5600,1350747.0,67.0,798.0,7.0,73.0,8.0,5406.0,hzjz
20/02/2021,266,239960.0,5647,1356394.0,74.0,782.0,10.0,78.0,13.0,5419.0,hzjz
21/02/2021,64,240024.0,2009,1358403.0,46.0,789.0,4.0,72.0,9.0,5429.0,hzjz
22/02/2021,347,240371.0,7442,1365845.0,44.0,792.0,7.0,68.0,20.0,5448.0,hzjz
23/02/2021,698,241069.0,7425,1373270.0,96.0,786.0,8.0,67.0,13.0,5461.0,hzjz
24/02/2021,528,241597.0,6327,1379597.0,76.0,791.0,8.0,63.0,15.0,5476.0,hzjz
25/02/2021,515,242112.0,5030,1384627.0,80.0,790.0,10.0,70.0,12.0,5488.0,hzjz
26/02/2021,513,242625.0,6013,1390640.0,54.0,780.0,10.0,73.0,14.0,5502.0,hzjz
27/02/2021,365,242990.0,6106,1396746.0,67.0,760.0,7.0,75.0,8.0,5510.0,hzjz
28/02/2021,91,243081.0,2153,1398899.0,47.0,762.0,4.0,67.0,15.0,5525.0,hzjz
01/03/2021,388,243469.0,7233,1406132.0,63.0,791.0,9.0,64.0,11.0,5536.0,hzjz
02/03/2021,746,244215.0,7398,1413530.0,73.0,770.0,6.0,65.0,11.0,5547.0,hzjz
03/03/2021,674,244889.0,6791,1420321.0,83.0,758.0,5.0,68.0,7.0,5554.0,hzjz
04/03/2021,591,245480.0,5347,1425668.0,75.0,740.0,7.0,69.0,9.0,5563.0,hzjz
05/03/2021,655,246135.0,5945,1431613.0,85.0,744.0,10.0,76.0,6.0,5569.0,hzjz
06/03/2021,394,246529.0,5798,1437411.0,76.0,738.0,6.0,72.0,15.0,5584.0,hzjz
07/03/2021,98,246627.0,2258,1439669.0,63.0,767.0,4.0,74.0,5.0,5590.0,hzjz
08/03/2021,474,247101.0,8307,1447976.0,72.0,805.0,10.0,74.0,19.0,5608.0,hzjz
09/03/2021,976,248077.0,7391,1455367.0,90.0,785.0,12.0,78.0,12.0,5620.0,hzjz
10/03/2021,770,248847.0,6812,1462179.0,90.0,807.0,6.0,82.0,4.0,5624.0,hzjz
11/03/2021,836,249683.0,5936,1468115.0,86.0,811.0,4.0,79.0,10.0,5634.0,hzjz
12/03/2021,816,250499.0,6181,1474296.0,75.0,811.0,5.0,78.0,12.0,5646.0,hzjz
13/03/2021,580,251079.0,6435,1480731.0,101.0,805.0,8.0,69.0,23.0,5669.0,hzjz
14/03/2021,114,251193.0,2321,1483052.0,92.0,855.0,9.0,72.0,7.0,5677.0,hzjz
15/03/2021,696,251889.0,7745,1490797.0,56.0,874.0,6.0,72.0,8.0,5684.0,hzjz
16/03/2021,1443,253332.0,8610,1499407.0,109.0,858.0,9.0,78.0,12.0,5696.0,hzjz
17/03/2021,1189,254521.0,7594,1507001.0,112.0,889.0,14.0,84.0,12.0,5708.0,hzjz
18/03/2021,1120,255641.0,6394,1513395.0,104.0,894.0,13.0,84.0,17.0,5725.0,hzjz
19/03/2021,1211,256852.0,7010,1520405.0,101.0,918.0,8.0,80.0,17.0,5742.0,hzjz
20/03/2021,838,257690.0,6543,1526948.0,115.0,931.0,15.0,89.0,10.0,5752.0,hzjz
21/03/2021,153,257843.0,2463,1529411.0,112.0,982.0,13.0,90.0,20.0,5773.0,hzjz
22/03/2021,931,258774.0,8683,1538094.0,92.0,1033.0,12.0,95.0,13.0,5785.0,hzjz
23/03/2021,1794,260568.0,9380,1547474.0,142.0,1029.0,12.0,92.0,22.0,5806.0,hzjz
24/03/2021,1754,262322.0,8367,1555841.0,117.0,1038.0,19.0,99.0,20.0,5826.0,hzjz
25/03/2021,1809,264131.0,7827,1563668.0,139.0,1071.0,12.0,100.0,10.0,5836.0,hzjz
26/03/2021,1803,265934.0,8335,1572003.0,149.0,1107.0,20.0,115.0,16.0,5852.0,hzjz
27/03/2021,1354,267288.0,7476,1579479.0,181.0,1148.0,14.0,121.0,18.0,5870.0,hzjz
28/03/2021,290,267578.0,2752,1582231.0,116.0,1201.0,15.0,121.0,21.0,5891.0,hzjz
29/03/2021,1440,269018.0,9918,1592149.0,112.0,1247.0,15.0,126.0,18.0,5909.0,hzjz
30/03/2021,2417,271435.0,10463,1602612.0,179.0,1289.0,16.0,127.0,17.0,5926.0,hzjz
31/03/2021,2677,274112.0,9619,1612231.0,201.0,1337.0,22.0,144.0,19.0,5945.0,hzjz
01/04/2021,2357,276469.0,8674,1620905.0,182.0,1390.0,26.0,155.0,20.0,5965.0,hzjz
02/04/2021,2273,278742.0,7631,1628536.0,229.0,1464.0,16.0,153.0,29.0,5994.0,hzjz
03/04/2021,1374,280116.0,6336,1634872.0,199.0,1469.0,17.0,158.0,29.0,6023.0,hzjz
04/04/2021,157,280273.0,1248,1636120.0,153.0,1511.0,15.0,158.0,33.0,6056.0,hzjz
05/04/2021,714,280987.0,6281,1642401.0,182.0,1616.0,18.0,156.0,25.0,6081.0,hzjz
06/04/2021,1664,282651.0,10092,1652493.0,205.0,1713.0,20.0,155.0,30.0,6111.0,hzjz
07/04/2021,3198,285849.0,11296,1663789.0,219.0,1750.0,28.0,160.0,36.0,6147.0,hzjz
08/04/2021,2680,288529.0,8994,1672783.0,202.0,1756.0,29.0,171.0,36.0,6183.0,hzjz
09/04/2021,2512,291041.0,10582,1683365.0,223.0,1768.0,30.0,175.0,50.0,6233.0,hzjz
10/04/2021,1610,292651.0,8982,1692347.0,276.0,1796.0,25.0,180.0,34.0,6267.0,hzjz
11/04/2021,446,293097.0,2965,1695312.0,208.0,1870.0,18.0,182.0,39.0,6306.0,hzjz
12/04/2021,1899,294996.0,10529,1705841.0,177.0,1953.0,17.0,191.0,25.0,6331.0,hzjz
13/04/2021,3143,298139.0,11265,1717106.0,246.0,1948.0,21.0,192.0,25.0,6356.0,hzjz
14/04/2021,2905,301044.0,10396,1727502.0,230.0,1955.0,24.0,185.0,41.0,6397.0,hzjz
15/04/2021,2702,303746.0,8777,1736279.0,250.0,1988.0,18.0,179.0,43.0,6440.0,hzjz
16/04/2021,2596,306342.0,9125,1745404.0,227.0,2003.0,25.0,186.0,44.0,6484.0,hzjz
17/04/2021,1615,307957.0,7575,1752979.0,267.0,2014.0,22.0,182.0,37.0,6521.0,hzjz
18/04/2021,396,308353.0,2708,1755687.0,221.0,2105.0,29.0,194.0,39.0,6560.0,hzjz
19/04/2021,2086,310439.0,10022,1765709.0,207.0,2179.0,21.0,199.0,39.0,6599.0,hzjz
20/04/2021,3035,313474.0,10510,1776219.0,288.0,2198.0,29.0,213.0,42.0,6641.0,hzjz
21/04/2021,2941,316415.0,10096,1786315.0,254.0,2201.0,32.0,230.0,49.0,6690.0,hzjz
22/04/2021,2556,318971.0,8929,1795244.0,259.0,2229.0,22.0,226.0,46.0,6736.0,hzjz
23/04/2021,2547,321518.0,9393,1804637.0,255.0,2227.0,37.0,221.0,46.0,6782.0,hzjz
24/04/2021,1255,322773.0,6969,1811606.0,255.0,2214.0,18.0,224.0,31.0,6813.0,hzjz
25/04/2021,404,323177.0,3165,1814771.0,199.0,2288.0,34.0,240.0,39.0,6852.0,hzjz
26/04/2021,1808,324985.0,10770,1825541.0,182.0,2315.0,37.0,259.0,51.0,6903.0,hzjz
27/04/2021,2883,327868.0,11622,1837163.0,264.0,2263.0,29.0,261.0,52.0,6955.0,hzjz
28/04/2021,2437,330305.0,10021,1847184.0,253.0,2278.0,32.0,253.0,44.0,6999.0,hzjz
29/04/2021,2015,332320.0,9328,1856512.0,215.0,2239.0,21.0,245.0,39.0,7038.0,hzjz
30/04/2021,2064,334384.0,11519,1868031.0,221.0,2237.0,31.0,253.0,41.0,7079.0,hzjz
01/05/2021,954,335338.0,7559,1875590.0,245.0,2210.0,23.0,246.0,49.0,7128.0,hzjz
02/05/2021,333,335671.0,3495,1879085.0,158.0,2223.0,23.0,240.0,52.0,7180.0,hzjz
03/05/2021,1394,337065.0,9474,1888559.0,140.0,2247.0,23.0,244.0,36.0,7216.0,hzjz
04/05/2021,2472,339537.0,10244,1898803.0,205.0,2169.0,40.0,259.0,46.0,7262.0,hzjz
05/05/2021,1616,341153.0,8496,1907299.0,194.0,2123.0,18.0,246.0,51.0,7313.0,hzjz
06/05/2021,1419,342572.0,7560,1914859.0,217.0,2106.0,25.0,236.0,40.0,7353.0,hzjz
07/05/2021,1338,343910.0,8051,1922910.0,177.0,2079.0,35.0,242.0,33.0,7386.0,hzjz
08/05/2021,698,344608.0,7260,1930170.0,175.0,2016.0,21.0,235.0,36.0,7422.0,hzjz
09/05/2021,221,344829.0,2867,1933037.0,137.0,2032.0,30.0,278.0,45.0,7467.0,hzjz
10/05/2021,859,345688.0,8665,1941702.0,136.0,2033.0,17.0,229.0,34.0,7501.0,hzjz
11/05/2021,1479,347167.0,8709,1950411.0,166.0,1928.0,18.0,217.0,46.0,7547.0,hzjz
12/05/2021,1077,348244.0,7815,1958226.0,182.0,1876.0,24.0,215.0,40.0,7587.0,hzjz
13/05/2021,914,349158.0,6272,1964498.0,158.0,1837.0,14.0,202.0,34.0,7621.0,hzjz
14/05/2021,813,349971.0,7168,1971666.0,126.0,1752.0,21.0,207.0,41.0,7662.0,hzjz
15/05/2021,461,350432.0,6967,1978633.0,136.0,1684.0,11.0,185.0,23.0,7685.0,hzjz
16/05/2021,124,350556.0,2576,1981209.0,88.0,1675.0,12.0,181.0,21.0,7706.0,hzjz
17/05/2021,503,351059.0,8332,1989541.0,64.0,1662.0,15.0,173.0,30.0,7736.0,hzjz
18/05/2021,999,352058.0,8128,1997669.0,112.0,1566.0,14.0,166.0,27.0,7763.0,hzjz
19/05/2021,691,352749.0,6996,2004665.0,128.0,1508.0,16.0,163.0,27.0,7790.0,hzjz
20/05/2021,527,353276.0,5801,2010466.0,93.0,1416.0,14.0,148.0,36.0,7826.0,hzjz
21/05/2021,519,353795.0,6480,2016946.0,91.0,1331.0,5.0,131.0,28.0,7854.0,hzjz
22/05/2021,248,354043.0,5959,2022905.0,82.0,1217.0,11.0,123.0,27.0,7881.0,hzjz
23/05/2021,80,354123.0,2517,2025422.0,64.0,1202.0,12.0,123.0,20.0,7901.0,hzjz
24/05/2021,319,354442.0,7751,2033173.0,64.0,1211.0,8.0,116.0,26.0,7927.0,hzjz
25/05/2021,569,355011.0,7060,2040233.0,94.0,1109.0,8.0,109.0,21.0,7948.0,hzjz
26/05/2021,381,355392.0,6402,2046635.0,74.0,1034.0,10.0,102.0,21.0,7969.0,hzjz
27/05/2021,319,355711.0,5314,2051949.0,61.0,968.0,7.0,95.0,10.0,7979.0,hzjz
28/05/2021,321,356032.0,5674,2057623.0,61.0,904.0,8.0,95.0,11.0,7990.0,hzjz
29/05/2021,174,356206.0,5753,2063376.0,63.0,819.0,8.0,88.0,10.0,8000.0,hzjz
30/05/2021,41,356247.0,2217,2065593.0,42.0,809.0,14.0,87.0,13.0,8013.0,hzjz
31/05/2021,210,356457.0,6618,2072211.0,23.0,797.0,7.0,84.0,12.0,8024.0,hzjz
01/06/2021,423,356880.0,5600,2077811.0,51.0,753.0,5.0,82.0,8.0,8036.0,hzjz
02/06/2021,279,357159.0,5921,2083732.0,52.0,709.0,6.0,81.0,8.0,8044.0,hzjz
03/06/2021,83,357242.0,2564,2086296.0,44.0,653.0,3.0,66.0,14.0,8058.0,hzjz
04/06/2021,218,357460.0,5704,2092000.0,32.0,649.0,9.0,63.0,12.0,8070.0,hzjz
05/06/2021,167,357627.0,5154,2097154.0,49.0,598.0,9.0,57.0,13.0,8082.0,hzjz
06/06/2021,39,357666.0,2103,2099257.0,17.0,579.0,4.0,55.0,6.0,8088.0,hzjz
07/06/2021,166,357832.0,6563,2105820.0,35.0,596.0,4.0,49.0,6.0,8090.0,hzjz
08/06/2021,277,358109.0,5841,2111661.0,37.0,545.0,4.0,51.0,5.0,8094.0,hzjz
09/06/2021,176,358285.0,5289,2116950.0,30.0,520.0,6.0,51.0,7.0,8101.0,hzjz
10/06/2021,141,358426.0,4211,2121161.0,33.0,482.0,2.0,48.0,7.0,8108.0,hzjz
11/06/2021,120,358546.0,4849,2126010.0,32.0,456.0,6.0,44.0,13.0,8121.0,hzjz
12/06/2021,59,358605.0,4694,2130704.0,21.0,408.0,4.0,35.0,9.0,8130.0,hzjz
13/06/2021,13,358618.0,1868,2132572.0,17.0,406.0,5.0,35.0,7.0,8137.0,hzjz
14/06/2021,88,358706.0,5809,2138381.0,17.0,404.0,2.0,26.0,13.0,8150.0,hzjz
15/06/2021,145,358851.0,5306,2143687.0,24.0,372.0,7.0,28.0,8.0,8158.0,hzjz
16/06/2021,88,358939.0,5013,2148700.0,26.0,349.0,5.0,28.0,2.0,8160.0,hzjz
17/06/2021,111,359050.0,4377,2153077.0,31.0,342.0,3.0,25.0,3.0,8163.0,hzjz
18/06/2021,89,359139.0,4890,2157967.0,18.0,313.0,2.0,25.0,3.0,8166.0,hzjz
19/06/2021,53,359192.0,3968,2161935.0,25.0,291.0,2.0,24.0,1.0,8167.0,hzjz
20/06/2021,11,359203.0,1868,2163803.0,18.0,288.0,5.0,25.0,5.0,8172.0,hzjz
21/06/2021,79,359282.0,5215,2169018.0,14.0,282.0,4.0,19.0,8.0,8180.0,hzjz
22/06/2021,43,359325.0,2084,2171102.0,13.0,253.0,1.0,16.0,6.0,8186.0,hzjz
23/06/2021,99,359424.0,5287,2176389.0,11.0,251.0,2.0,18.0,2.0,8188.0,hzjz
24/06/2021,111,359535.0,3767,2180156.0,18.0,241.0,2.0,15.0,2.0,8190.0,hzjz
25/06/2021,84,359619.0,3773,2183929.0,13.0,209.0,1.0,13.0,4.0,8194.0,hzjz
26/06/2021,46,359665.0,4249,2188178.0,20.0,208.0,1.0,13.0,1.0,8195.0,hzjz
27/06/2021,13,359678.0,1973,2190151.0,5.0,196.0,0.0,11.0,3.0,8202.0,hzjz
28/06/2021,72,359750.0,5600,2195751.0,11.0,195.0,0.0,10.0,2.0,8200.0,hzjz
29/06/2021,135,359885.0,4903,2200654.0,16.0,181.0,3.0,11.0,3.0,8203.0,hzjz
30/06/2021,98,359983.0,4526,2205180.0,13.0,159.0,4.0,12.0,1.0,8204.0,hzjz
01/07/2021,93,360076.0,4032,2209212.0,12.0,151.0,1.0,13.0,3.0,8207.0,hzjz
02/07/2021,109,360185.0,3672,2212884.0,10.0,139.0,0.0,13.0,3.0,8210.0,hzjz
03/07/2021,56,360241.0,3664,2216548.0,11.0,131.0,7.0,11.0,3.0,8213.0,hzjz
04/07/2021,9,360250.0,1822,2218370.0,12.0,141.0,1.0,10.0,3.0,8216.0,hzjz
05/07/2021,96,360346.0,4936,2223306.0,11.0,140.0,3.0,11.0,1.0,8217.0,hzjz
06/07/2021,138,360484.0,4466,2227772.0,16.0,132.0,4.0,10.0,2.0,8219.0,hzjz
07/07/2021,109,360593.0,4083,2231855.0,17.0,122.0,4.0,6.0,3.0,8222.0,hzjz
08/07/2021,85,360678.0,3452,2235307.0,11.0,121.0,0.0,3.0,3.0,8224.0,hzjz
09/07/2021,91,360769.0,3783,2239090.0,9.0,115.0,0.0,4.0,0.0,8224.0,hzjz
10/07/2021,54,360823.0,3427,2242517.0,13.0,105.0,2.0,5.0,1.0,8225.0,hzjz
11/07/2021,16,360839.0,1700,2244217.0,3.0,106.0,4.0,8.0,0.0,8225.0,hzjz
12/07/2021,90,360929.0,4504,2248721.0,6.0,107.0,1.0,8.0,2.0,8227.0,hzjz
13/07/2021,157,361086.0,3921,2252642.0,12.0,106.0,1.0,9.0,2.0,8229.0,hzjz
14/07/2021,140,361226.0,3838,2256480.0,17.0,111.0,0.0,8.0,2.0,8231.0,hzjz
15/07/2021,127,361353.0,3742,2260222.0,13.0,110.0,3.0,9.0,0.0,8231.0,hzjz
16/07/2021,145,361498.0,3850,2264072.0,13.0,112.0,4.0,12.0,1.0,8232.0,hzjz
17/07/2021,106,361604.0,3471,2267543.0,12.0,130.0,0.0,12.0,2.0,8234.0,hzjz
18/07/2021,21,361625.0,1624,2269167.0,15.0,121.0,1.0,12.0,2.0,8236.0,hzjz
19/07/2021,142,361767.0,4505,2273672.0,10.0,125.0,2.0,17.0,2.0,8238.0,hzjz
20/07/2021,194,361961.0,4263,2277935.0,15.0,121.0,0.0,11.0,3.0,8241.0,hzjz
21/07/2021,175,362136.0,3907,2281842.0,11.0,122.0,3.0,13.0,1.0,8242.0,hzjz
22/07/2021,183,362319.0,4997,2286839.0,14.0,124.0,1.0,14.0,1.0,8243.0,hzjz
23/07/2021,208,362527.0,7721,2294560.0,15.0,128.0,4.0,17.0,0.0,8243.0,hzjz
24/07/2021,115,362642.0,7617,2302177.0,10.0,121.0,1.0,15.0,0.0,8243.0,hzjz
25/07/2021,33,362675.0,3868,2306045.0,18.0,137.0,1.0,13.0,0.0,8243.0,hzjz
26/07/2021,173,362848.0,7298,2313343.0,12.0,138.0,0.0,13.0,2.0,8245.0,hzjz
27/07/2021,199,363047.0,6709,2320052.0,21.0,143.0,1.0,13.0,0.0,8245.0,hzjz
28/07/2021,200,363247.0,6839,2326891.0,19.0,143.0,0.0,11.0,2.0,8247.0,hzjz
29/07/2021,169,363416.0,7200,2334091.0,18.0,149.0,3.0,12.0,1.0,8248.0,hzjz
30/07/2021,222,363638.0,8275,2342366.0,25.0,154.0,1.0,12.0,4.0,8252.0,hzjz
31/07/2021,139,363777.0,8782,2351148.0,23.0,150.0,5.0,11.0,5.0,8257.0,hzjz
01/08/2021,36,363813.0,4730,2355878.0,8.0,150.0,2.0,12.0,4.0,8261.0,hzjz
02/08/2021,186,363999.0,7278,2363156.0,14.0,156.0,2.0,13.0,4.0,8265.0,hzjz
03/08/2021,280,364279.0,7747,2370903.0,20.0,149.0,1.0,11.0,1.0,8266.0,hzjz
04/08/2021,248,364527.0,8916,2379819.0,22.0,153.0,2.0,12.0,0.0,8266.0,hzjz
05/08/2021,102,364629.0,5728,2385547.0,15.0,154.0,2.0,14.0,3.0,8269.0,hzjz
06/08/2021,240,364869.0,8857,2394404.0,15.0,163.0,5.0,16.0,0.0,8269.0,hzjz
07/08/2021,214,365083.0,7865,2402269.0,30.0,166.0,2.0,18.0,1.0,8270.0,hzjz
08/08/2021,41,365124.0,4320,2406589.0,30.0,166.0,2.0,18.0,1.0,8271.0,hzjz
09/08/2021,252,365376.0,8578,2415167.0,26.0,190.0,5.0,22.0,0.0,8271.0,hzjz
10/08/2021,386,365762.0,8279,2423446.0,26.0,189.0,2.0,17.0,2.0,8273.0,hzjz
11/08/2021,342,366104.0,8656,2432102.0,26.0,196.0,5.0,21.0,0.0,8273.0,hzjz
12/08/2021,305,366409.0,8679,2440781.0,22.0,192.0,2.0,19.0,3.0,8276.0,hzjz
13/08/2021,357,366766.0,10964,2451745.0,27.0,199.0,2.0,21.0,2.0,8278.0,hzjz
14/08/2021,303,367069.0,9083,2460828.0,28.0,192.0,3.0,21.0,2.0,8280.0,hzjz
15/08/2021,45,367114.0,3250,2464078.0,20.0,192.0,2.0,21.0,1.0,8281.0,hzjz
16/08/2021,351,367465.0,10417,2474495.0,28.0,212.0,3.0,24.0,2.0,8283.0,hzjz
17/08/2021,520,367985.0,10436,2484931.0,39.0,220.0,4.0,26.0,3.0,8286.0,hzjz
18/08/2021,484,368469.0,8428,2493359.0,43.0,235.0,5.0,26.0,3.0,8289.0,hzjz
19/08/2021,480,368949.0,9594,2502953.0,32.0,244.0,3.0,25.0,3.0,8292.0,hzjz
20/08/2021,494,369443.0,13004,2515957.0,31.0,251.0,2.0,26.0,1.0,8293.0,hzjz
21/08/2021,366,369809.0,11444,2527401.0,37.0,269.0,9.0,34.0,3.0,8296.0,hzjz
22/08/2021,76,369885.0,5039,2532440.0,31.0,275.0,2.0,35.0,3.0,8299.0,hzjz
23/08/2021,480,370365.0,10788,2543228.0,45.0,307.0,7.0,42.0,2.0,8301.0,hzjz
24/08/2021,717,371082.0,12527,2555755.0,56.0,330.0,7.0,44.0,3.0,8304.0,hzjz
25/08/2021,628,371710.0,9973,2565728.0,64.0,356.0,8.0,46.0,3.0,8307.0,hzjz
26/08/2021,579,372289.0,10108,2575836.0,41.0,378.0,7.0,43.0,6.0,8313.0,hzjz
27/08/2021,593,372882.0,12097,2587933.0,47.0,372.0,6.0,47.0,2.0,8315.0,hzjz
28/08/2021,426,373308.0,10720,2598653.0,47.0,374.0,6.0,43.0,7.0,8322.0,hzjz
29/08/2021,97,373405.0,3951,2602604.0,38.0,387.0,8.0,49.0,1.0,8323.0,hzjz
30/08/2021,669,374074.0,9403,2612007.0,52.0,427.0,7.0,55.0,6.0,8337.0,hzjz
31/08/2021,873,374947.0,10144,2622151.0,53.0,423.0,5.0,53.0,3.0,8340.0,hzjz
01/09/2021,793,375740.0,8694,2630845.0,58.0,440.0,9.0,59.0,4.0,8344.0,hzjz
02/09/2021,823,376563.0,9183,2640028.0,69.0,450.0,6.0,53.0,11.0,8356.0,hzjz
03/09/2021,888,377451.0,12196,2652224.0,47.0,457.0,10.0,57.0,6.0,8362.0,hzjz
04/09/2021,526,377977.0,8070,2660294.0,72.0,469.0,11.0,59.0,7.0,8369.0,hzjz
05/09/2021,148,378125.0,3865,2664159.0,53.0,485.0,2.0,52.0,8.0,8377.0,hzjz
06/09/2021,712,378837.0,10262,2674421.0,62.0,518.0,6.0,57.0,5.0,8382.0,hzjz
07/09/2021,1248,380085.0,10776,2685197.0,76.0,518.0,10.0,57.0,10.0,8392.0,hzjz
08/09/2021,909,380994.0,9204,2694401.0,68.0,540.0,12.0,62.0,10.0,8401.0,hzjz
09/09/2021,1054,382048.0,10436,2704837.0,65.0,554.0,5.0,58.0,10.0,8411.0,hzjz
10/09/2021,1147,383195.0,13189,2718026.0,55.0,552.0,6.0,59.0,8.0,8419.0,hzjz
11/09/2021,808,384003.0,10645,2728671.0,69.0,559.0,9.0,55.0,14.0,8425.0,hzjz
12/09/2021,175,384178.0,4016,2732687.0,44.0,572.0,17.0,62.0,13.0,8438.0,hzjz
13/09/2021,1007,385185.0,10615,2743302.0,45.0,592.0,5.0,59.0,7.0,8445.0,hzjz
14/09/2021,1840,387025.0,10547,2753849.0,87.0,600.0,10.0,59.0,9.0,8454.0,hzjz
15/09/2021,1375,388400.0,11106,2764955.0,62.0,603.0,10.0,64.0,7.0,8461.0,hzjz
16/09/2021,1369,389769.0,11718,2776673.0,79.0,628.0,13.0,72.0,9.0,8470.0,hzjz
17/09/2021,1416,391185.0,12283,2788956.0,93.0,651.0,14.0,77.0,9.0,8479.0,hzjz
18/09/2021,863,392048.0,8693,2797649.0,79.0,659.0,12.0,80.0,12.0,8491.0,hzjz
19/09/2021,269,392317.0,3535,2801184.0,70.0,683.0,7.0,81.0,7.0,8498.0,hzjz
20/09/2021,1047,393364.0,9446,2810630.0,52.0,692.0,12.0,85.0,14.0,8512.0,hzjz
21/09/2021,1838,395202.0,11040,2821670.0,92.0,689.0,10.0,88.0,12.0,8524.0,hzjz
22/09/2021,1343,396545.0,10471,2832141.0,93.0,706.0,11.0,87.0,13.0,8537.0,hzjz
23/09/2021,1271,397816.0,10270,2842411.0,66.0,694.0,11.0,89.0,15.0,8552.0,hzjz
24/09/2021,1295,399111.0,10569,2852980.0,64.0,678.0,9.0,92.0,12.0,8564.0,hzjz
25/09/2021,852,399963.0,8692,2861672.0,76.0,661.0,13.0,94.0,14.0,8578.0,hzjz
26/09/2021,207,400170.0,3229,2864901.0,64.0,692.0,12.0,99.0,15.0,8593.0,hzjz
27/09/2021,1072,401242.0,9326,2874227.0,61.0,720.0,6.0,97.0,11.0,8604.0,hzjz
28/09/2021,1963,403205.0,9881,2884108.0,105.0,738.0,13.0,102.0,8.0,8612.0,hzjz
29/09/2021,1714,404919.0,8909,2893017.0,92.0,745.0,7.0,99.0,14.0,8626.0,hzjz
30/09/2021,1497,406416.0,9515,2902532.0,76.0,741.0,5.0,94.0,12.0,8638.0,hzjz
01/10/2021,1450,407866.0,10275,2912807.0,78.0,738.0,18.0,99.0,10.0,8648.0,hzjz
02/10/2021,919,408785.0,8923,2921730.0,72.0,744.0,15.0,96.0,14.0,8662.0,hzjz
03/10/2021,236,409021.0,3294,2925024.0,77.0,779.0,13.0,95.0,14.0,8676.0,hzjz
04/10/2021,1113,410134.0,9115,2934139.0,56.0,810.0,11.0,98.0,7.0,8683.0,hzjz
05/10/2021,1871,412005.0,11222,2945361.0,113.0,822.0,21.0,107.0,19.0,8703.0,hzjz
06/10/2021,1787,413792.0,9817,2955178.0,106.0,820.0,21.0,116.0,18.0,8721.0,hzjz
07/10/2021,1665,415457.0,9617,2964795.0,90.0,823.0,12.0,119.0,8.0,8729.0,hzjz
08/10/2021,1572,417029.0,9001,2973796.0,81.0,805.0,15.0,121.0,22.0,8751.0,hzjz
09/10/2021,911,417940.0,7230,2981026.0,111.0,814.0,26.0,125.0,11.0,8761.0,hzjz
10/10/2021,173,418113.0,2572,2983598.0,63.0,839.0,14.0,124.0,9.0,8770.0,hzjz
11/10/2021,1048,419161.0,8473,2992071.0,58.0,866.0,18.0,131.0,6.0,8776.0,hzjz
12/10/2021,2022,421183.0,10004,3002075.0,118.0,870.0,15.0,140.0,24.0,8800.0,hzjz
13/10/2021,1822,423005.0,9450,3011525.0,107.0,855.0,12.0,128.0,27.0,8827.0,hzjz
14/10/2021,1736,424741.0,9219,3020744.0,99.0,869.0,9.0,122.0,17.0,8844.0,hzjz
15/10/2021,1991,426732.0,9705,3030449.0,92.0,873.0,9.0,118.0,15.0,8860.0,hzjz
16/10/2021,1289,428021.0,7324,3037773.0,103.0,871.0,17.0,114.0,15.0,8875.0,hzjz
17/10/2021,331,428352.0,2823,3040596.0,78.0,903.0,19.0,116.0,19.0,8905.0,hzjz
18/10/2021,1761,430113.0,8989,3049585.0,72.0,945.0,11.0,119.0,11.0,8905.0,hzjz
19/10/2021,3289,433402.0,11329,3060914.0,125.0,947.0,22.0,128.0,21.0,8926.0,hzjz
20/10/2021,2961,436363.0,10486,3071400.0,98.0,939.0,18.0,131.0,23.0,8949.0,hzjz
21/10/2021,3229,439592.0,10385,3081785.0,125.0,975.0,12.0,127.0,17.0,8966.0,hzjz
22/10/2021,3593,443185.0,11121,3092906.0,131.0,997.0,17.0,135.0,17.0,8983.0,hzjz
23/10/2021,2355,445540.0,7307,3100213.0,148.0,1033.0,21.0,128.0,25.0,9008.0,hzjz
24/10/2021,691,446231.0,2823,3103036.0,112.0,1091.0,20.0,143.0,28.0,9036.0,hzjz
25/10/2021,3372,449603.0,11266,3114302.0,117.0,1159.0,20.0,143.0,22.0,9058.0,hzjz
26/10/2021,4639,454242.0,13539,3127841.0,159.0,1170.0,18.0,139.0,30.0,9088.0,hzjz
27/10/2021,4283,458525.0,12438,3140279.0,160.0,1207.0,23.0,153.0,26.0,9115.0,hzjz
28/10/2021,4386,462911.0,12058,3152337.0,161.0,1231.0,19.0,160.0,26.0,9141.0,hzjz
29/10/2021,4476,467387.0,12249,3164586.0,167.0,1311.0,32.0,171.0,26.0,9167.0,hzjz
30/10/2021,3234,470621.0,7791,3172377.0,179.0,1330.0,20.0,175.0,30.0,9196.0,hzjz
31/10/2021,1149,471770.0,3712,3176089.0,177.0,1418.0,35.0,170.0,22.0,9218.0,hzjz
01/11/2021,889,472659.0,3238,3179327.0,169.0,1496.0,44.0,183.0,31.0,9249.0,hzjz
02/11/2021,4352,477011.0,13189,3192516.0,194.0,1543.0,23.0,185.0,40.0,9289.0,hzjz
03/11/2021,6834,483845.0,16444,3208960.0,256.0,1634.0,29.0,198.0,41.0,9330.0,hzjz
04/11/2021,6648,490493.0,13783,3222743.0,233.0,1680.0,35.0,219.0,32.0,9362.0,hzjz
05/11/2021,6790,497283.0,14707,3237450.0,307.0,1711.0,25.0,231.0,36.0,9398.0,hzjz
06/11/2021,4200,501483.0,9561,3247011.0,256.0,1787.0,28.0,234.0,50.0,9448.0,hzjz
07/11/2021,1227,502710.0,3496,3250507.0,197.0,1848.0,50.0,248.0,50.0,9498.0,hzjz
08/11/2021,5213,507923.0,14356,3264863.0,173.0,1888.0,27.0,246.0,46.0,9544.0,hzjz
09/11/2021,7368,515291.0,17745,3282608.0,274.0,1952.0,30.0,253.0,59.0,9603.0,hzjz
10/11/2021,6877,522168.0,15941,3298549.0,228.0,1940.0,24.0,254.0,50.0,9653.0,hzjz
11/11/2021,6352,528520.0,14659,3313208.0,260.0,2008.0,30.0,257.0,66.0,9719.0,hzjz
12/11/2021,6421,534941.0,14665,3327873.0,277.0,2086.0,22.0,251.0,53.0,9772.0,hzjz
13/11/2021,4056,538997.0,9687,3337560.0,265.0,2107.0,40.0,269.0,66.0,9838.0,hzjz
14/11/2021,1080,540077.0,3558,3341118.0,199.0,2219.0,30.0,277.0,41.0,9879.0,hzjz
15/11/2021,4572,544649.0,14519,3355637.0,208.0,2338.0,36.0,287.0,55.0,9934.0,hzjz
16/11/2021,6808,551457.0,15940,3371577.0,302.0,2378.0,53.0,289.0,50.0,9984.0,hzjz
17/11/2021,6858,558315.0,16291,3387868.0,302.0,2433.0,51.0,323.0,64.0,10048.0,hzjz
18/11/2021,2352,560667.0,4491,3392359.0,346.0,2513.0,41.0,324.0,63.0,10111.0,hzjz
19/11/2021,5758,566425.0,14762,3407121.0,195.0,2539.0,28.0,327.0,65.0,10176.0,hzjz
20/11/2021,4225,570650.0,9796,3416917.0,297.0,2542.0,32.0,320.0,65.0,10241.0,hzjz
21/11/2021,1161,571811.0,3298,3420215.0,224.0,2568.0,31.0,323.0,60.0,10301.0,hzjz
22/11/2021,4907,576718.0,14172,3434387.0,170.0,2583.0,29.0,324.0,73.0,10374.0,hzjz
23/11/2021,6479,583197.0,16062,3450449.0,291.0,2591.0,34.0,317.0,62.0,10436.0,hzjz
24/11/2021,6018,589215.0,14554,3465003.0,250.0,2551.0,29.0,323.0,67.0,10503.0,hzjz
25/11/2021,5437,594652.0,13372,3478375.0,253.0,2529.0,32.0,316.0,64.0,10567.0,hzjz
26/11/2021,5496,600148.0,13002,3491377.0,257.0,2496.0,34.0,325.0,75.0,10643.0,hzjz
27/11/2021,3292,603440.0,8195,3499572.0,285.0,2506.0,34.0,324.0,51.0,10801.0,hzjz
28/11/2021,999,604439.0,3406,3502978.0,215.0,2538.0,27.0,330.0,64.0,10757.0,hzjz
29/11/2021,3854,608293.0,12281,3515259.0,181.0,2598.0,31.0,308.0,67.0,10824.0,hzjz
30/11/2021,5764,614057.0,14751,3530010.0,236.0,2512.0,36.0,314.0,73.0,10897.0,hzjz
01/12/2021,5352,619409.0,13470,3543480.0,242.0,2454.0,36.0,312.0,68.0,10965.0,hzjz
02/12/2021,4428,623837.0,11791,3555271.0,207.0,2729.0,30.0,311.0,76.0,11041.0,hzjz
03/12/2021,4502,628339.0,11958,3567229.0,211.0,2400.0,28.0,313.0,53.0,11094.0,hzjz
04/12/2021,2834,631173.0,7736,3574965.0,247.0,2382.0,34.0,317.0,54.0,11148.0,hzjz
05/12/2021,686,631859.0,2736,3577701.0,171.0,2381.0,20.0,310.0,68.0,11216.0,hzjz
06/12/2021,3331,635190.0,11013,3588714.0,156.0,2444.0,38.0,326.0,51.0,11267.0,hzjz
07/12/2021,4841,640031.0,13663,3602377.0,269.0,2436.0,25.0,319.0,60.0,11327.0,hzjz
08/12/2021,4304,644335.0,12139,3614516.0,231.0,2412.0,27.0,320.0,54.0,11381.0,hzjz
09/12/2021,3814,648149.0,10857,3625373.0,202.0,2352.0,28.0,321.0,62.0,11443.0,hzjz
10/12/2021,3984,652133.0,11432,3636805.0,203.0,2329.0,31.0,326.0,71.0,11514.0,hzjz
11/12/2021,2187,654320.0,7008,3643813.0,235.0,2290.0,30.0,323.0,58.0,11572.0,hzjz
12/12/2021,475,654795.0,2557,3646370.0,140.0,2293.0,44.0,330.0,45.0,11617.0,hzjz
13/12/2021,3098,657893.0,10767,3657137.0,115.0,2300.0,23.0,326.0,47.0,11664.0,hzjz
14/12/2021,4661,662554.0,13187,3670324.0,192.0,2253.0,25.0,315.0,56.0,11720.0,hzjz
15/12/2021,4001,666555.0,11977,3682301.0,238.0,2256.0,26.0,306.0,57.0,11777.0,hzjz
16/12/2021,3472,670027.0,10535,3692836.0,183.0,2253.0,21.0,286.0,46.0,11823.0,hzjz
17/12/2021,3542,673569.0,10743,3703579.0,192.0,2188.0,24.0,288.0,54.0,11877.0,hzjz
18/12/2021,1886,675455.0,6703,3710282.0,215.0,2154.0,25.0,283.0,51.0,11928.0,hzjz
19/12/2021,373,675828.0,2201,3712483.0,140.0,2167.0,18.0,269.0,51.0,11979.0,hzjz
20/12/2021,2786,678614.0,10353,3722836.0,123.0,2178.0,22.0,268.0,60.0,12039.0,hzjz
21/12/2021,4259,682873.0,12375,3735211.0,197.0,2148.0,20.0,263.0,47.0,12088.0,hzjz
22/12/2021,3808,686681.0,10550,3745761.0,149.0,2066.0,29.0,266.0,36.0,12124.0,hzjz
23/12/2021,3238,689919.0,9524,3755285.0,147.0,1981.0,26.0,266.0,53.0,12177.0,hzjz
24/12/2021,3242,693161.0,9140,3764425.0,145.0,1893.0,28.0,266.0,53.0,12230.0,hzjz
25/12/2021,176,693337.0,1108,3765533.0,145.0,1807.0,23.0,254.0,46.0,12277.0,hzjz
26/12/2021,585,693922.0,3069,3768602.0,119.0,1824.0,23.0,267.0,46.0,12323.0,hzjz
27/12/2021,4148,698070.0,12314,3780916.0,130.0,1872.0,13.0,247.0,50.0,12373.0,hzjz
28/12/2021,5610,703680.0,14590,3795506.0,196.0,1849.0,23.0,238.0,50.0,12423.0,hzjz
29/12/2021,6130,709810.0,14129,3809635.0,191.0,1868.0,20.0,237.0,41.0,12464.0,hzjz
30/12/2021,5512,715322.0,13704,3823339.0,167.0,1858.0,19.0,239.0,27.0,12491.0,hzjz
31/12/2021,5339,720661.0,12972,3836311.0,156.0,1808.0,26.0,237.0,45.0,12536.0,hzjz
01/01/2022,382,721043.0,1910,3838221.0,169.0,1752.0,24.0,226.0,33.0,12569.0,hzjz
02/01/2022,1138,722181.0,4889,3843110.0,108.0,1755.0,21.0,228.0,38.0,12607.0,hzjz
03/01/2022,5806,727987.0,16831,3859941.0,126.0,1795.0,25.0,239.0,44.0,12651.0,hzjz
04/01/2022,8517,736504.0,19702,3879643.0,199.0,1817.0,27.0,233.0,46.0,12697.0,hzjz
05/01/2022,9256,745760.0,20477,3900120.0,178.0,1841.0,20.0,230.0,32.0,12729.0,hzjz
06/01/2022,3947,749707.0,6377,3906497.0,209.0,1824.0,36.0,244.0,33.0,12762.0,hzjz
07/01/2022,8180,757887.0,22406,3928903.0,121.0,1846.0,21.0,245.0,41.0,12803.0,hzjz
08/01/2022,8022,765909.0,14323,3943226.0,208.0,1820.0,32.0,249.0,36.0,12839.0,hzjz
09/01/2022,1537,767446.0,4319,3947545.0,147.0,1874.0,15.0,242.0,37.0,12876.0,hzjz
10/01/2022,7952,775398.0,20558,3968103.0,123.0,1893.0,27.0,244.0,47.0,12923.0,hzjz
11/01/2022,10062,785460.0,21306,3989409.0,165.0,1824.0,21.0,233.0,44.0,12967.0,hzjz
12/01/2022,8990,794450.0,19057,4008466.0,188.0,1822.0,13.0,220.0,36.0,13003.0,hzjz
13/01/2022,8431,802881.0,17337,4025803.0,171.0,1755.0,23.0,216.0,35.0,13038.0,hzjz
14/01/2022,8961,811842.0,18258,4044061.0,163.0,1710.0,23.0,205.0,32.0,13070.0,hzjz
15/01/2022,5739,817581.0,11490,4055551.0,179.0,1688.0,33.0,229.0,35.0,13105.0,hzjz
16/01/2022,1397,818978.0,3901,4059452.0,147.0,1717.0,16.0,224.0,45.0,13150.0,hzjz
17/01/2022,7880,826858.0,18950,4078402.0,135.0,1763.0,17.0,221.0,39.0,13189.0,hzjz
18/01/2022,10384,837242.0,21607,4100009.0,224.0,1800.0,20.0,220.0,55.0,13244.0,hzjz
19/01/2022,11526,848768.0,21412,4121421.0,195.0,1796.0,22.0,204.0,45.0,13289.0,hzjz
20/01/2022,10544,859312.0,20157,4141578.0,230.0,1792.0,19.0,195.0,43.0,13332.0,hzjz
21/01/2022,10844,870156.0,21161,4162739.0,207.0,1799.0,13.0,193.0,35.0,13367.0,hzjz
22/01/2022,7148,877304.0,12689,4175428.0,246.0,1805.0,21.0,199.0,36.0,13403.0,hzjz
23/01/2022,1805,879109.0,4483,4179911.0,169.0,1860.0,17.0,201.0,36.0,13439.0,hzjz
24/01/2022,8422,887531.0,20447,4200358.0,177.0,1926.0,18.0,198.0,44.0,13483.0,hzjz
25/01/2022,11919,899450.0,22468,4222826.0,252.0,1951.0,19.0,200.0,51.0,13534.0,hzjz
26/01/2022,10444,909894.0,20145,4242971.0,279.0,1976.0,17.0,192.0,64.0,13598.0,hzjz
27/01/2022,9984,919878.0,18733,4261704.0,253.0,2006.0,22.0,185.0,59.0,13657.0,hzjz
28/01/2022,9977,929855.0,19322,4281026.0,224.0,1943.0,23.0,187.0,65.0,13722.0,hzjz
29/01/2022,6179,936034.0,11944,4292970.0,246.0,1936.0,16.0,183.0,41.0,13763.0,hzjz
30/01/2022,1469,937503.0,3978,4296948.0,201.0,2008.0,17.0,185.0,46.0,13809.0,hzjz
31/01/2022,7404,944907.0,18106,4315054.0,179.0,2085.0,15.0,184.0,50.0,13859.0,hzjz
01/02/2022,9935,954842.0,19196,4334250.0,246.0,2052.0,21.0,183.0,66.0,13925.0,hzjz
02/02/2022,8827,963669.0,17616,4351866.0,288.0,2067.0,19.0,190.0,54.0,13979.0,hzjz
03/02/2022,8007,971676.0,15833,4367699.0,254.0,2108.0,21.0,194.0,42.0,14021.0,hzjz
04/02/2022,7642,979318.0,15552,4383251.0,253.0,2126.0,18.0,185.0,46.0,14067.0,hzjz
05/02/2022,4788,984106.0,9976,4393227.0,267.0,2115.0,24.0,194.0,43.0,14110.0,hzjz
06/02/2022,1148,985254.0,3271,4396498.0,190.0,2140.0,11.0,178.0,59.0,14169.0,hzjz
07/02/2022,5491,990745.0,14304,4410802.0,171.0,2191.0,20.0,178.0,57.0,14226.0,hzjz
08/02/2022,7834,998579.0,16600,4427402.0,295.0,2229.0,23.0,182.0,50.0,14276.0,hzjz
09/02/2022,6424,1005003.0,14031,4441433.0,218.0,2188.0,17.0,186.0,37.0,14313.0,hzjz
10/02/2022,5190,1010193.0,11668,4453101.0,236.0,2131.0,9.0,173.0,48.0,14361.0,hzjz
11/02/2022,5124,1015317.0,11612,4464713.0,250.0,2133.0,22.0,171.0,44.0,14405.0,hzjz
12/02/2022,2678,1017995.0,7316,4472029.0,256.0,2092.0,17.0,168.0,51.0,14456.0,hzjz
13/02/2022,453,1018448.0,2065,4474094.0,159.0,2115.0,13.0,158.0,49.0,14505.0,hzjz
14/02/2022,3441,1021889.0,10275,4484369.0,116.0,2097.0,9.0,146.0,64.0,14569.0,hzjz
15/02/2022,5876,1027765.0,12861,4497230.0,201.0,2026.0,15.0,138.0,47.0,14616.0,hzjz
16/02/2022,4401,1032166.0,10794,4508024.0,203.0,1966.0,19.0,140.0,48.0,14664.0,hzjz
17/02/2022,3695,1035861.0,9469,4517493.0,179.0,1933.0,13.0,132.0,47.0,14711.0,hzjz
18/02/2022,3389,1039250.0,9567,4527060.0,168.0,1837.0,5.0,128.0,50.0,14761.0,hzjz
19/02/2022,2051,1041301.0,6358,4533418.0,159.0,1707.0,14.0,125.0,44.0,14805.0,hzjz
20/02/2022,294,1041595.0,1866,4535284.0,123.0,1720.0,12.0,125.0,42.0,14847.0,hzjz
21/02/2022,1938,1043533.0,7889,4543173.0,93.0,1698.0,9.0,122.0,54.0,14901.0,hzjz
22/02/2022,3691,1047224.0,9953,4553126.0,167.0,1610.0,7.0,113.0,36.0,14937.0,hzjz
23/02/2022,2476,1049700.0,7530,4560656.0,143.0,1555.0,7.0,104.0,37.0,14974.0,hzjz
24/02/2022,2032,1051732.0,6250,4566906.0,137.0,1504.0,9.0,109.0,22.0,14996.0,hzjz
25/02/2022,1872,1053604.0,5562,4572468.0,150.0,1445.0,13.0,106.0,26.0,15022.0,hzjz
26/02/2022,1028,1054632.0,4456,4576924.0,131.0,1389.0,11.0,104.0,22.0,15044.0,hzjz
27/02/2022,205,1054837.0,1547,4578471.0,56.0,1381.0,11.0,106.0,18.0,15062.0,hzjz
28/02/2022,1162,1055999.0,5883,4584354.0,71.0,1363.0,10.0,98.0,39.0,15101.0,hzjz
01/03/2022,2568,1058567.0,7599,4591953.0,104.0,1266.0,9.0,91.0,32.0,15133.0,hzjz
02/03/2022,1562,1060129.0,5972,4597925.0,96.0,1183.0,7.0,92.0,21.0,15154.0,hzjz
03/03/2022,1349,1061478.0,4891,4602816.0,77.0,1130.0,5.0,81.0,23.0,15177.0,hzjz
04/03/2022,1487,1062965.0,5060,4607876.0,75.0,1053.0,6.0,74.0,27.0,15204.0,hzjz
05/03/2022,891,1063856.0,3957,4611833.0,87.0,971.0,6.0,72.0,22.0,15226.0,hzjz
06/03/2022,159,1064015.0,1321,4613154.0,58.0,966.0,4.0,74.0,20.0,15246.0,hzjz
07/03/2022,1052,1065067.0,5656,4618810.0,54.0,967.0,7.0,69.0,20.0,15266.0,hzjz
08/03/2022,2589,1067656.0,7700,4626510.0,81.0,930.0,5.0,61.0,16.0,15282.0,hzjz
09/03/2022,1692,1069348.0,5947,4632457.0,72.0,853.0,10.0,59.0,26.0,15308.0,hzjz
10/03/2022,1604,1070952.0,5916,4638373.0,87.0,821.0,4.0,57.0,18.0,15326.0,hzjz
11/03/2022,1522,1072474.0,5468,4643841.0,81.0,819.0,7.0,65.0,14.0,15340.0,hzjz
12/03/2022,943,1073417.0,4332,4648173.0,68.0,745.0,3.0,53.0,13.0,15353.0,hzjz
13/03/2022,143,1073560.0,1413,4649586.0,51.0,764.0,1.0,49.0,15.0,15368.0,hzjz
14/03/2022,1203,1074763.0,6027,4655613.0,49.0,774.0,5.0,51.0,18.0,15386.0,hzjz
15/03/2022,2677,1077440.0,8258,4663871.0,74.0,715.0,1.0,47.0,19.0,15405.0,hzjz
16/03/2022,1990,1079430.0,6803,4670674.0,86.0,712.0,2.0,44.0,10.0,15415.0,hzjz
17/03/2022,1990,1081420.0,6411,4677085.0,66.0,696.0,3.0,42.0,9.0,15424.0,hzjz
18/03/2022,1770,1083190.0,5669,4682754.0,73.0,691.0,3.0,39.0,18.0,15442.0,hzjz
19/03/2022,1012,1084202.0,4184,4686938.0,67.0,650.0,5.0,42.0,15.0,15457.0,hzjz
20/03/2022,132,1084334.0,1393,4688331.0,53.0,661.0,6.0,44.0,10.0,15467.0,hzjz
21/03/2022,1263,1085597.0,6146,4694477.0,45.0,677.0,4.0,40.0,16.0,15483.0,hzjz
22/03/2022,2224,1087821.0,7626,4702103.0,75.0,654.0,4.0,42.0,12.0,15495.0,hzjz
23/03/2022,1978,1089799.0,6324,4708427.0,77.0,633.0,5.0,43.0,13.0,15508.0,hzjz
24/03/2022,1746,1091545.0,5581,4714008.0,77.0,631.0,3.0,41.0,9.0,15517.0,hzjz
25/03/2022,1595,1093140.0,5054,4719062.0,66.0,628.0,7.0,43.0,10.0,15527.0,hzjz
26/03/2022,945,1094085.0,4151,4723213.0,90.0,613.0,3.0,41.0,14.0,15541.0,hzjz
27/03/2022,149,1094234.0,1448,4724661.0,57.0,645.0,2.0,40.0,11.0,15552.0,hzjz
28/03/2022,926,1095160.0,5242,4729903.0,48.0,673.0,2.0,36.0,14.0,15566.0,hzjz
29/03/2022,2352,1097512.0,7138,4737041.0,88.0,664.0,6.0,35.0,14.0,15580.0,hzjz
30/03/2022,1714,1099226.0,5840,4742881.0,75.0,651.0,4.0,37.0,15.0,15595.0,hzjz
31/03/2022,1445,1100671.0,5035,4747916.0,76.0,636.0,2.0,37.0,12.0,15607.0,hzjz
01/04/2022,1300,1101971.0,4708,4752624.0,83.0,657.0,5.0,40.0,9.0,15616.0,hzjz
02/04/2022,815,1102786.0,3848,4756472.0,69.0,623.0,6.0,40.0,8.0,15624.0,hzjz
03/04/2022,88,1102874.0,1228,4757700.0,53.0,648.0,4.0,38.0,9.0,15633.0,hzjz
04/04/2022,840,1103714.0,5456,4763156.0,31.0,649.0,2.0,36.0,18.0,15651.0,hzjz
05/04/2022,1687,1105401.0,6203,4769359.0,60.0,619.0,2.0,34.0,15.0,15666.0,hzjz
06/04/2022,1222,1106623.0,5110,4774469.0,57.0,596.0,3.0,26.0,12.0,15678.0,hzjz
07/04/2022,1086,1107709.0,4265,4778734.0,63.0,591.0,2.0,25.0,6.0,15684.0,hzjz
08/04/2022,912,1108621.0,3766,4782500.0,56.0,564.0,3.0,28.0,8.0,15692.0,hzjz
09/04/2022,524,1109145.0,3073,4785573.0,70.0,532.0,3.0,27.0,15.0,15707.0,hzjz
10/04/2022,83,1109228.0,1116,4786689.0,37.0,525.0,1.0,25.0,10.0,15717.0,hzjz
11/04/2022,642,1109870.0,4747,4791436.0,35.0,542.0,4.0,26.0,9.0,15726.0,hzjz
12/04/2022,1160,1111030.0,4641,4796077.0,66.0,551.0,3.0,27.0,8.0,15734.0,hzjz
13/04/2022,810,1111840.0,3651,4799728.0,42.0,541.0,3.0,27.0,5.0,15739.0,hzjz
14/04/2022,670,1112510.0,2890,4802618.0,50.0,527.0,3.0,24.0,8.0,15747.0,hzjz
15/04/2022,636,1113146.0,2475,4805093.0,50.0,503.0,4.0,24.0,5.0,15752.0,hzjz
16/04/2022,385,1113531.0,2153,4807246.0,61.0,478.0,4.0,25.0,5.0,15757.0,hzjz
17/04/2022,33,1113564.0,554,4807800.0,31.0,477.0,1.0,24.0,10.0,15767.0,hzjz
18/04/2022,126,1113690.0,2087,4809887.0,29.0,478.0,0.0,23.0,7.0,15774.0,hzjz
19/04/2022,500,1114190.0,4279,4814166.0,40.0,505.0,1.0,22.0,10.0,15784.0,hzjz
20/04/2022,1272,1115462.0,4829,4818995.0,90.0,516.0,4.0,20.0,5.0,15789.0,hzjz
21/04/2022,849,1116311.0,3696,4822691.0,57.0,492.0,4.0,23.0,8.0,15797.0,hzjz
22/04/2022,898,1117209.0,3494,4826185.0,52.0,479.0,1.0,22.0,7.0,15804.0,hzjz
23/04/2022,549,1117758.0,3057,4829242.0,61.0,455.0,4.0,22.0,6.0,15810.0,hzjz
24/04/2022,73,1117831.0,1217,4830459.0,34.0,455.0,4.0,23.0,4.0,15814.0,hzjz
25/04/2022,714,1118545.0,4763,4835222.0,32.0,465.0,2.0,24.0,8.0,15822.0,hzjz
26/04/2022,1389,1119934.0,5374,4840596.0,68.0,434.0,4.0,24.0,11.0,15833.0,hzjz
27/04/2022,893,1120827.0,3881,4844477.0,52.0,435.0,2.0,22.0,7.0,15840.0,hzjz
28/04/2022,893,1121720.0,3480,4847957.0,49.0,425.0,2.0,20.0,9.0,15849.0,hzjz
29/04/2022,754,1122474.0,2978,4850935.0,55.0,433.0,0.0,18.0,5.0,15854.0,hzjz
30/04/2022,525,1122999.0,3120,4854055.0,54.0,422.0,2.0,17.0,6.0,15860.0,hzjz
01/05/2022,43,1123042.0,891,4854946.0,46.0,437.0,2.0,15.0,7.0,15867.0,hzjz
02/05/2022,574,1123616.0,4389,4859335.0,34.0,441.0,2.0,17.0,8.0,15875.0,hzjz
03/05/2022,1212,1124828.0,4913,4864248.0,52.0,426.0,3.0,21.0,5.0,15880.0,hzjz
04/05/2022,915,1125743.0,4112,4868360.0,39.0,411.0,3.0,17.0,8.0,15888.0,hzjz
05/05/2022,765,1126508.0,3462,4871822.0,53.0,401.0,3.0,17.0,9.0,15897.0,hzjz
06/05/2022,838,1127346.0,3129,4874951.0,48.0,385.0,1.0,16.0,9.0,15906.0,hzjz
07/05/2022,413,1127759.0,3120,4878071.0,51.0,377.0,2.0,16.0,7.0,15913.0,hzjz
08/05/2022,56,1127815.0,1139,4879210.0,29.0,379.0,4.0,16.0,7.0,15920.0,hzjz
09/05/2022,480,1128295.0,4849,4884059.0,25.0,381.0,1.0,13.0,8.0,15928.0,hzjz
10/05/2022,1022,1129317.0,4791,4888850.0,47.0,374.0,4.0,15.0,4.0,15932.0,hzjz
11/05/2022,662,1129979.0,4214,4893064.0,48.0,367.0,6.0,17.0,6.0,15938.0,hzjz
12/05/2022,595,1130574.0,3249,4896313.0,43.0,388.0,2.0,17.0,8.0,15946.0,hzjz
13/05/2022,540,1131114.0,2979,4899292.0,26.0,361.0,3.0,17.0,8.0,15953.0,hzjz
14/05/2022,354,1131468.0,2995,4902287.0,33.0,345.0,0.0,15.0,5.0,15958.0,hzjz
15/05/2022,43,1131511.0,1165,4903452.0,25.0,356.0,0.0,15.0,5.0,15963.0,hzjz
16/05/2022,404,1131915.0,4435,4907887.0,27.0,364.0,0.0,15.0,12.0,15975.0,hzjz
17/05/2022,786,1132701.0,4177,4912064.0,33.0,367.0,0.0,13.0,2.0,15977.0,hzjz
18/05/2022,455,1133156.0,3348,4915412.0,25.0,326.0,0.0,11.0,1.0,15978.0,hzjz
19/05/2022,427,1133583.0,2718,4918130.0,18.0,292.0,1.0,11.0,5.0,15983.0,hzjz
20/05/2022,452,1134035.0,2328,4920458.0,20.0,273.0,0.0,9.0,4.0,15987.0,hzjz
21/05/2022,205,1134240.0,2583,4923041.0,31.0,264.0,1.0,6.0,7.0,15994.0,hzjz
22/05/2022,42,1134282.0,1069,4924110.0,17.0,264.0,1.0,5.0,5.0,15999.0,hzjz
23/05/2022,272,1134554.0,4102,4928212.0,16.0,263.0,1.0,5.0,2.0,16001.0,hzjz
24/05/2022,587,1135141.0,3869,4932081.0,19.0,253.0,0.0,5.0,2.0,16003.0,hzjz
25/05/2022,418,1135559.0,3174,4935255.0,21.0,240.0,0.0,5.0,3.0,16006.0,hzjz
26/05/2022,357,1135916.0,2496,4937751.0,25.0,222.0,0.0,5.0,5.0,16011.0,hzjz
27/05/2022,317,1136233.0,1934,4939685.0,24.0,229.0,0.0,4.0,0.0,16011.0,hzjz
28/05/2022,194,1136427.0,1743,4941428.0,17.0,231.0,0.0,4.0,1.0,16012.0,hzjz
29/05/2022,34,1136461.0,739,4942167.0,20.0,224.0,3.0,5.0,4.0,16016.0,hzjz
30/05/2022,48,1136509.0,1499,4943666.0,12.0,228.0,0.0,5.0,1.0,16017.0,hzjz
31/05/2022,208,1136717.0,3426,4947092.0,10.0,223.0,1.0,5.0,3.0,16020.0,hzjz
01/06/2022,544,1137261.0,2921,4950013.0,23.0,205.0,0.0,5.0,4.0,16024.0,hzjz
02/06/2022,348,1137609.0,2062,4952075.0,30.0,202.0,2.0,6.0,4.0,16028.0,hzjz
03/06/2022,266,1137875.0,1683,4953758.0,30.0,202.0,2.0,6.0,3.0,16031.0,hzjz
04/06/2022,190,1138065.0,1814,4955572.0,16.0,184.0,2.0,6.0,0.0,16030.0,hzjz
05/06/2022,27,1138092.0,658,4956230.0,16.0,190.0,1.0,7.0,0.0,16030.0,hzjz
06/06/2022,194,1138286.0,2686,4958916.0,13.0,186.0,0.0,6.0,5.0,16035.0,hzjz
07/06/2022,426,1138712.0,2456,4961372.0,19.0,178.0,1.0,6.0,1.0,16036.0,hzjz
08/06/2022,329,1139041.0,2075,4963447.0,25.0,168.0,0.0,5.0,3.0,16039.0,hzjz
09/06/2022,283,1139324.0,1813,4965260.0,26.0,175.0,3.0,8.0,5.0,16044.0,hzjz
10/06/2022,289,1139613.0,1572,4966832.0,15.0,165.0,0.0,6.0,2.0,16046.0,hzjz
11/06/2022,207,1139820.0,1720,4968552.0,10.0,158.0,0.0,5.0,2.0,16048.0,hzjz
12/06/2022,20,1139840.0,794,4969346.0,8.0,153.0,0.0,5.0,3.0,16051.0,hzjz
13/06/2022,249,1140089.0,2668,4972014.0,12.0,159.0,2.0,6.0,0.0,16051.0,hzjz
14/06/2022,546,1140635.0,2107,4974121.0,19.0,163.0,1.0,7.0,1.0,16052.0,hzjz
15/06/2022,425,1141060.0,2024,4976145.0,13.0,151.0,2.0,7.0,2.0,16054.0,hzjz
16/06/2022,63,1141123.0,587,4976732.0,15.0,152.0,1.0,6.0,0.0,16054.0,hzjz
17/06/2022,439,1141562.0,1868,4978600.0,11.0,150.0,1.0,7.0,2.0,16056.0,hzjz
18/06/2022,377,1141939.0,1662,4980262.0,30.0,157.0,1.0,7.0,3.0,16059.0,hzjz
19/06/2022,28,1141967.0,428,4980690.0,17.0,160.0,1.0,7.0,3.0,16062.0,hzjz
20/06/2022,421,1142388.0,2192,4982882.0,8.0,167.0,0.0,6.0,1.0,16063.0,hzjz
21/06/2022,857,1143245.0,3089,4985971.0,27.0,174.0,1.0,9.0,4.0,16067.0,hzjz
22/06/2022,129,1143374.0,914,4986885.0,32.0,188.0,0.0,4.0,4.0,16071.0,hzjz
23/06/2022,631,1144005.0,2310,4989195.0,33.0,210.0,1.0,5.0,4.0,16075.0,hzjz
24/06/2022,1056,1145061.0,2757,4991952.0,29.0,229.0,3.0,5.0,4.0,16079.0,hzjz
25/06/2022,449,1145510.0,2058,4994010.0,23.0,210.0,0.0,5.0,1.0,16080.0,hzjz
26/06/2022,35,1145545.0,514,4994524.0,20.0,216.0,2.0,6.0,2.0,16082.0,hzjz
27/06/2022,663,1146208.0,3121,4997645.0,20.0,228.0,1.0,7.0,2.0,16084.0,hzjz
28/06/2022,1256,1147464.0,3594,5001239.0,38.0,233.0,2.0,8.0,7.0,16091.0,hzjz
29/06/2022,1133,1148597.0,3381,5004620.0,33.0,243.0,1.0,5.0,1.0,16092.0,hzjz
30/06/2022,987,1149584.0,2935,5007555.0,31.0,245.0,0.0,5.0,5.0,16097.0,hzjz
01/07/2022,1138,1150722.0,3023,5010578.0,46.0,269.0,2.0,7.0,5.0,16102.0,hzjz
02/07/2022,758,1151480.0,2500,5013078.0,42.0,257.0,2.0,8.0,3.0,16105.0,hzjz
03/07/2022,59,1151539.0,605,5013683.0,34.0,275.0,0.0,5.0,6.0,16111.0,hzjz
04/07/2022,847,1152386.0,3576,5017259.0,51.0,297.0,2.0,7.0,3.0,16114.0,hzjz
05/07/2022,1780,1154166.0,4713,5021972.0,55.0,310.0,5.0,11.0,7.0,16121.0,hzjz
06/07/2022,1488,1155654.0,4172,5026144.0,44.0,312.0,3.0,12.0,4.0,16125.0,hzjz
07/07/2022,1304,1156958.0,3587,5029731.0,64.0,349.0,4.0,13.0,3.0,16128.0,hzjz
08/07/2022,1478,1158436.0,3851,5033582.0,49.0,339.0,3.0,12.0,5.0,16133.0,hzjz
09/07/2022,787,1159223.0,2603,5036185.0,49.0,344.0,1.0,13.0,2.0,16135.0,hzjz
10/07/2022,63,1159286.0,568,5036753.0,35.0,369.0,0.0,13.0,4.0,16139.0,hzjz
11/07/2022,998,1160284.0,4076,5040829.0,61.0,413.0,2.0,13.0,11.0,16150.0,hzjz
12/07/2022,1824,1162108.0,4873,5045702.0,71.0,429.0,3.0,13.0,6.0,16156.0,hzjz
13/07/2022,1772,1163880.0,4651,5050353.0,60.0,442.0,2.0,14.0,6.0,16162.0,hzjz
14/07/2022,1616,1165496.0,4173,5054526.0,76.0,471.0,5.0,17.0,5.0,16167.0,hzjz
15/07/2022,1663,1167159.0,4339,5058865.0,64.0,464.0,3.0,14.0,8.0,16175.0,hzjz
16/07/2022,991,1168150.0,2952,5061817.0,71.0,477.0,4.0,16.0,4.0,16179.0,hzjz
17/07/2022,86,1168236.0,685,5062502.0,55.0,490.0,5.0,20.0,9.0,16188.0,hzjz
18/07/2022,1142,1169378.0,4308,5066810.0,51.0,514.0,1.0,18.0,2.0,16190.0,hzjz
19/07/2022,2249,1171627.0,5562,5072372.0,110.0,547.0,3.0,17.0,11.0,16201.0,hzjz
20/07/2022,1815,1173442.0,4756,5077128.0,86.0,560.0,2.0,16.0,12.0,16213.0,hzjz
21/07/2022,1470,1174912.0,3851,5080979.0,74.0,578.0,2.0,15.0,7.0,16220.0,hzjz
22/07/2022,1670,1176582.0,4142,5085121.0,96.0,609.0,2.0,14.0,10.0,16230.0,hzjz
23/07/2022,1033,1177615.0,2896,5088017.0,87.0,579.0,5.0,15.0,8.0,16238.0,hzjz
24/07/2022,96,1177711.0,636,5088653.0,63.0,595.0,1.0,13.0,11.0,16249.0,hzjz
25/07/2022,1266,,4150,,,,,,,,twitter
26/07/2022,1899,,4862,,,,,,,,twitter
27/07/2022,1979,,5311,,,,,,,,twitter
28/07/2022,1467,,3907,,,,,,,,twitter
29/07/2022,1496,,3816,,,,,,,,twitter
30/07/2022,940,,2923,,,,,,,,twitter
31/07/2022,48,,520,,,,,,,,twitter
01/08/2022,1038,,3673,,,,,,,,twitter
02/08/2022,1768,,4640,,,,,,,,twitter
03/08/2022,1486,,4040,,,,,,,,twitter
04/08/2022,1226,,3274,,,,,,,,twitter
05/08/2022,250,,960,,,,,,,,twitter
06/08/2022,743,,2461,,,,,,,,twitter
07/08/2022,64,,614,,,,,,,,twitter
